"id","nama_kelurahan","kecamatan_id","dapil","kabkota","provinsi","kode_kel","created_at","updated_at","deleted"
"1","BANTARSARI","1","DAPIL 1","KOTA TASIKMALAYA","JAWA BARAT","32.78.09.1006","1/1/2023","2023-01-01","0"
"2","BUNGURSARI","1","DAPIL 1","KOTA TASIKMALAYA","JAWA BARAT","32.78.09.1003","1/1/2023","2023-01-01","0"
"3","CIBUNIGEULIS","1","DAPIL 1","KOTA TASIKMALAYA","JAWA BARAT","32.78.09.1005","1/1/2023","2023-01-01","0"
"4","SUKAJAYA","1","DAPIL 1","KOTA TASIKMALAYA","JAWA BARAT","32.78.09.1004","1/1/2023","2023-01-01","0"
"5","SUKALAKSANA","1","DAPIL 1","KOTA TASIKMALAYA","JAWA BARAT","32.78.09.1007","1/1/2023","2023-01-01","0"
"6","SUKAMULYA","1","DAPIL 1","KOTA TASIKMALAYA","JAWA BARAT","32.78.09.1001","1/1/2023","2023-01-01","0"
"7","SUKARINDIK","1","DAPIL 1","KOTA TASIKMALAYA","JAWA BARAT","32.78.09.1002","1/1/2023","2023-01-01","0"
"8","ARGASARI","2","DAPIL 1","KOTA TASIKMALAYA","JAWA BARAT","32.78.01.1004","1/1/2023","2023-01-01","0"
"9","CILEMBANG","2","DAPIL 1","KOTA TASIKMALAYA","JAWA BARAT","32.78.01.1003","1/1/2023","2023-01-01","0"
"10","NAGARAWANGI","2","DAPIL 1","KOTA TASIKMALAYA","JAWA BARAT","32.78.01.1002","1/1/2023","2023-01-01","0"
"11","TUGUJAYA","2","DAPIL 1","KOTA TASIKMALAYA","JAWA BARAT","32.78.01.1005","1/1/2023","2023-01-01","0"
"12","TUGURAJA","2","DAPIL 1","KOTA TASIKMALAYA","JAWA BARAT","32.78.01.1006","1/1/2023","2023-01-01","0"
"13","YUDANAGARA","2","DAPIL 1","KOTA TASIKMALAYA","JAWA BARAT","32.78.01.1001","1/1/2023","2023-01-01","0"
"14","CIKALANG","3","DAPIL 1","KOTA TASIKMALAYA","JAWA BARAT","32.78.03.1004","1/1/2023","2023-01-01","0"
"15","EMPANGSARI","3","DAPIL 1","KOTA TASIKMALAYA","JAWA BARAT","32.78.03.1002","1/1/2023","2023-01-01","0"
"16","KAHURIPAN","3","DAPIL 1","KOTA TASIKMALAYA","JAWA BARAT","32.78.03.1005","1/1/2023","2023-01-01","0"
"17","LENGKONGSARI","3","DAPIL 1","KOTA TASIKMALAYA","JAWA BARAT","32.78.03.1003","1/1/2023","2023-01-01","0"
"18","TAWANGSARI","3","DAPIL 1","KOTA TASIKMALAYA","JAWA BARAT","32.78.03.1001","1/1/2023","2023-01-01","0"
"19","CIPEDES","4","DAPIL 2","KOTA TASIKMALAYA","JAWA BARAT","32.78.02.1002","1/1/2023","2023-01-01","0"
"20","NAGARASARI","4","DAPIL 2","KOTA TASIKMALAYA","JAWA BARAT","32.78.02.1003","1/1/2023","2023-01-01","0"
"21","PANGLAYUNGAN","4","DAPIL 2","KOTA TASIKMALAYA","JAWA BARAT","32.78.02.1001","1/1/2023","2023-01-01","0"
"22","SUKAMANAH","4","DAPIL 2","KOTA TASIKMALAYA","JAWA BARAT","32.78.02.1004","1/1/2023","2023-01-01","0"
"23","INDIHIANG","5","DAPIL 2","KOTA TASIKMALAYA","JAWA BARAT","32.78.04.1003","1/1/2023","2023-01-01","0"
"24","PANYINGKIRAN","5","DAPIL 2","KOTA TASIKMALAYA","JAWA BARAT","32.78.04.1006","1/1/2023","2023-01-01","0"
"25","PARAKANNYASAG","5","DAPIL 2","KOTA TASIKMALAYA","JAWA BARAT","32.78.04.1005","1/1/2023","2023-01-01","0"
"26","SIRNAGALIH","5","DAPIL 2","KOTA TASIKMALAYA","JAWA BARAT","32.78.04.1004","1/1/2023","2023-01-01","0"
"27","SUKAMAJU KALER","5","DAPIL 2","KOTA TASIKMALAYA","JAWA BARAT","32.78.04.1007","1/1/2023","2023-01-01","0"
"28","SUKAMAJU KIDUL","5","DAPIL 2","KOTA TASIKMALAYA","JAWA BARAT","32.78.04.1008","1/1/2023","2023-01-01","0"
"29","AWIPARI","6","DAPIL 3","KOTA TASIKMALAYA","JAWA BARAT","32.78.06.1009","1/1/2023","2023-01-01","0"
"30","CIAKAR","6","DAPIL 3","KOTA TASIKMALAYA","JAWA BARAT","32.78.06.1012","1/1/2023","2023-01-01","0"
"31","CIHERANG","6","DAPIL 3","KOTA TASIKMALAYA","JAWA BARAT","32.78.06.1011","1/1/2023","2023-01-01","0"
"32","KERSANAGARA","6","DAPIL 3","KOTA TASIKMALAYA","JAWA BARAT","32.78.06.1007","1/1/2023","2023-01-01","0"
"33","KOTA BARU","6","DAPIL 3","KOTA TASIKMALAYA","JAWA BARAT","32.78.06.1008","1/1/2023","2023-01-01","0"
"34","MARGABAKTI","6","DAPIL 3","KOTA TASIKMALAYA","JAWA BARAT","32.78.06.1013","1/1/2023","2023-01-01","0"
"35","SETIAJAYA","6","DAPIL 3","KOTA TASIKMALAYA","JAWA BARAT","32.78.06.1014","1/1/2023","2023-01-01","0"
"36","SETIANAGARA","6","DAPIL 3","KOTA TASIKMALAYA","JAWA BARAT","32.78.06.1010","1/1/2023","2023-01-01","0"
"37","SETIARATU","6","DAPIL 3","KOTA TASIKMALAYA","JAWA BARAT","32.78.06.1005","1/1/2023","2023-01-01","0"
"38","PURBARATU","7","DAPIL 3","KOTA TASIKMALAYA","JAWA BARAT","32.78.10.1003","1/1/2023","2023-01-01","0"
"39","SINGKUP","7","DAPIL 3","KOTA TASIKMALAYA","JAWA BARAT","32.78.10.1006","1/1/2023","2023-01-01","0"
"40","SUKAASIH","7","DAPIL 3","KOTA TASIKMALAYA","JAWA BARAT","32.78.10.1004","1/1/2023","2023-01-01","0"
"41","SUKAJAYA","7","DAPIL 3","KOTA TASIKMALAYA","JAWA BARAT","32.78.10.1005","1/1/2023","2023-01-01","0"
"42","SUKAMENAK","7","DAPIL 3","KOTA TASIKMALAYA","JAWA BARAT","32.78.10.1002","1/1/2023","2023-01-01","0"
"43","SUKANAGARA","7","DAPIL 3","KOTA TASIKMALAYA","JAWA BARAT","32.78.10.1001","1/1/2023","2023-01-01","0"
"44","MUGARSARI","8","DAPIL 3","KOTA TASIKMALAYA","JAWA BARAT","32.78.07.1002","1/1/2023","2023-01-01","0"
"45","MULYASARI","8","DAPIL 3","KOTA TASIKMALAYA","JAWA BARAT","32.78.07.1006","1/1/2023","2023-01-01","0"
"46","SETIAMULYA","8","DAPIL 3","KOTA TASIKMALAYA","JAWA BARAT","32.78.07.1008","1/1/2023","2023-01-01","0"
"47","SETIAWARGI","8","DAPIL 3","KOTA TASIKMALAYA","JAWA BARAT","32.78.07.1005","1/1/2023","2023-01-01","0"
"48","SUKAHURIP","8","DAPIL 3","KOTA TASIKMALAYA","JAWA BARAT","32.78.07.1007","1/1/2023","2023-01-01","0"
"49","SUMELAP","8","DAPIL 3","KOTA TASIKMALAYA","JAWA BARAT","32.78.07.1004","1/1/2023","2023-01-01","0"
"50","TAMANJAYA","8","DAPIL 3","KOTA TASIKMALAYA","JAWA BARAT","32.78.07.1003","1/1/2023","2023-01-01","0"
"51","TAMANSARI","8","DAPIL 3","KOTA TASIKMALAYA","JAWA BARAT","32.78.07.1001","1/1/2023","2023-01-01","0"
"52","CIBEUTI","9","DAPIL 4","KOTA TASIKMALAYA","JAWA BARAT","32.78.05.1006","1/1/2023","2023-01-01","0"
"53","CILAMAJANG","9","DAPIL 4","KOTA TASIKMALAYA","JAWA BARAT","32.78.05.1002","1/1/2023","2023-01-01","0"
"54","GUNUNG GEDE","9","DAPIL 4","KOTA TASIKMALAYA","JAWA BARAT","32.78.05.1010","1/1/2023","2023-01-01","0"
"55","GUNUNG TANDALA","9","DAPIL 4","KOTA TASIKMALAYA","JAWA BARAT","32.78.05.1003","1/1/2023","2023-01-01","0"
"56","KARANG ANYAR","9","DAPIL 4","KOTA TASIKMALAYA","JAWA BARAT","32.78.05.1007","1/1/2023","2023-01-01","0"
"57","KARSAMENAK","9","DAPIL 4","KOTA TASIKMALAYA","JAWA BARAT","32.78.05.1001","1/1/2023","2023-01-01","0"
"58","LEUWILIANG","9","DAPIL 4","KOTA TASIKMALAYA","JAWA BARAT","32.78.05.1009","1/1/2023","2023-01-01","0"
"59","TALAGASARI","9","DAPIL 4","KOTA TASIKMALAYA","JAWA BARAT","32.78.05.1008","1/1/2023","2023-01-01","0"
"60","TANJUNG","9","DAPIL 4","KOTA TASIKMALAYA","JAWA BARAT","32.78.05.1005","1/1/2023","2023-01-01","0"
"61","URUG","9","DAPIL 4","KOTA TASIKMALAYA","JAWA BARAT","32.78.05.1004","1/1/2023","2023-01-01","0"
"62","CIGANTANG","10","DAPIL 4","KOTA TASIKMALAYA","JAWA BARAT","32.78.08.1002","1/1/2023","2023-01-01","0"
"63","CIPARI","10","DAPIL 4","KOTA TASIKMALAYA","JAWA BARAT","32.78.08.1008","1/1/2023","2023-01-01","0"
"64","CIPAWITRA","10","DAPIL 4","KOTA TASIKMALAYA","JAWA BARAT","32.78.08.1005","1/1/2023","2023-01-01","0"
"65","KARIKIL","10","DAPIL 4","KOTA TASIKMALAYA","JAWA BARAT","32.78.08.1003","1/1/2023","2023-01-01","0"
"66","LINGGAJAYA","10","DAPIL 4","KOTA TASIKMALAYA","JAWA BARAT","32.78.08.1004","1/1/2023","2023-01-01","0"
"67","MANGKUBUMI","10","DAPIL 4","KOTA TASIKMALAYA","JAWA BARAT","32.78.08.1001","1/1/2023","2023-01-01","0"
"68","SAMBONGJAYA","10","DAPIL 4","KOTA TASIKMALAYA","JAWA BARAT","32.78.08.1007","1/1/2023","2023-01-01","0"
"69","SAMBONGPARI","10","DAPIL 4","KOTA TASIKMALAYA","JAWA BARAT","32.78.08.1006","1/1/2023","2023-01-01","0"
"70","CIDUGALEUN","11","DAPIL 1","KAB. TASIKMALAYA","JAWA BARAT","32.06.27.2009","1/1/2023","2023-01-01","0"
"71","CIGALONTANG","11","DAPIL 1","KAB. TASIKMALAYA","JAWA BARAT","32.06.27.2013","1/1/2023","2023-01-01","0"
"72","JAYAPURA","11","DAPIL 1","KAB. TASIKMALAYA","JAWA BARAT","32.06.27.2004","1/1/2023","2023-01-01","0"
"73","KERSAMAJU","11","DAPIL 1","KAB. TASIKMALAYA","JAWA BARAT","32.06.27.2001","1/1/2023","2023-01-01","0"
"74","LENGKONGJAYA","11","DAPIL 1","KAB. TASIKMALAYA","JAWA BARAT","32.06.27.2005","1/1/2023","2023-01-01","0"
"75","NANGERANG","11","DAPIL 1","KAB. TASIKMALAYA","JAWA BARAT","32.06.27.2006","1/1/2023","2023-01-01","0"
"76","NANGTANG","11","DAPIL 1","KAB. TASIKMALAYA","JAWA BARAT","32.06.27.2002","1/1/2023","2023-01-01","0"
"77","PARENTAS","11","DAPIL 1","KAB. TASIKMALAYA","JAWA BARAT","32.06.27.2010","1/1/2023","2023-01-01","0"
"78","PUSPAMUKTI","11","DAPIL 1","KAB. TASIKMALAYA","JAWA BARAT","32.06.27.2011","1/1/2023","2023-01-01","0"
"79","PUSPARAJA","11","DAPIL 1","KAB. TASIKMALAYA","JAWA BARAT","32.06.27.2003","1/1/2023","2023-01-01","0"
"80","SIRNAGALIH","11","DAPIL 1","KAB. TASIKMALAYA","JAWA BARAT","32.06.27.2014","1/1/2023","2023-01-01","0"
"81","SIRNAPUTRA","11","DAPIL 1","KAB. TASIKMALAYA","JAWA BARAT","32.06.27.2016","1/1/2023","2023-01-01","0"
"82","SIRNARAJA","11","DAPIL 1","KAB. TASIKMALAYA","JAWA BARAT","32.06.27.2008","1/1/2023","2023-01-01","0"
"83","SUKAMANAH","11","DAPIL 1","KAB. TASIKMALAYA","JAWA BARAT","32.06.27.2007","1/1/2023","2023-01-01","0"
"84","TANJUNGKARANG","11","DAPIL 1","KAB. TASIKMALAYA","JAWA BARAT","32.06.27.2015","1/1/2023","2023-01-01","0"
"85","TENJONAGARA","11","DAPIL 1","KAB. TASIKMALAYA","JAWA BARAT","32.06.27.2012","1/1/2023","2023-01-01","0"
"86","MANGUNREJA","MANGUNREJA","DAPIL 1","KAB. TASIKMALAYA","JAWA BARAT","32.06.25.2003","1/1/2023","2023-01-01","0"
"87","MARGAJAYA","MANGUNREJA","DAPIL 1","KAB. TASIKMALAYA","JAWA BARAT","32.06.25.2004","1/1/2023","2023-01-01","0"
"88","PASIRSALAM","MANGUNREJA","DAPIL 1","KAB. TASIKMALAYA","JAWA BARAT","32.06.25.2005","1/1/2023","2023-01-01","0"
"89","SALEBU","MANGUNREJA","DAPIL 1","KAB. TASIKMALAYA","JAWA BARAT","32.06.25.2002","1/1/2023","2023-01-01","0"
"90","SUKALUYU","MANGUNREJA","DAPIL 1","KAB. TASIKMALAYA","JAWA BARAT","32.06.25.2006","1/1/2023","2023-01-01","0"
"91","SUKASUKUR","MANGUNREJA","DAPIL 1","KAB. TASIKMALAYA","JAWA BARAT","32.06.25.2001","1/1/2023","2023-01-01","0"
"92","JAYAPUTRA","SARIWANGI","DAPIL 1","KAB. TASIKMALAYA","JAWA BARAT","32.06.30.2008","1/1/2023","2023-01-01","0"
"93","JAYARATU","SARIWANGI","DAPIL 1","KAB. TASIKMALAYA","JAWA BARAT","32.06.30.2003","1/1/2023","2023-01-01","0"
"94","LINGGASIRNA","SARIWANGI","DAPIL 1","KAB. TASIKMALAYA","JAWA BARAT","32.06.30.2004","1/1/2023","2023-01-01","0"
"95","SARIWANGI","SARIWANGI","DAPIL 1","KAB. TASIKMALAYA","JAWA BARAT","32.06.30.2001","1/1/2023","2023-01-01","0"
"96","SELAWANGI","SARIWANGI","DAPIL 1","KAB. TASIKMALAYA","JAWA BARAT","32.06.30.2007","1/1/2023","2023-01-01","0"
"97","SIRNASARI","SARIWANGI","DAPIL 1","KAB. TASIKMALAYA","JAWA BARAT","32.06.30.2005","1/1/2023","2023-01-01","0"
"98","SUKAHARJA","SARIWANGI","DAPIL 1","KAB. TASIKMALAYA","JAWA BARAT","32.06.30.2002","1/1/2023","2023-01-01","0"
"99","SUKAMULIH","SARIWANGI","DAPIL 1","KAB. TASIKMALAYA","JAWA BARAT","32.06.30.2006","1/1/2023","2023-01-01","0"
"100","CIKADONGDONG","SINGAPARNA","DAPIL 1","KAB. TASIKMALAYA","JAWA BARAT","32.06.24.2006","1/1/2023","2023-01-01","0"
"101","CIKUNIR","SINGAPARNA","DAPIL 1","KAB. TASIKMALAYA","JAWA BARAT","32.06.24.2005","1/1/2023","2023-01-01","0"
"102","CIKUNTEN","SINGAPARNA","DAPIL 1","KAB. TASIKMALAYA","JAWA BARAT","32.06.24.2001","1/1/2023","2023-01-01","0"
"103","CINTARAJA","SINGAPARNA","DAPIL 1","KAB. TASIKMALAYA","JAWA BARAT","32.06.24.2004","1/1/2023","2023-01-01","0"
"104","CIPAKAT","SINGAPARNA","DAPIL 1","KAB. TASIKMALAYA","JAWA BARAT","32.06.24.2003","1/1/2023","2023-01-01","0"
"105","SINGAPARNA","SINGAPARNA","DAPIL 1","KAB. TASIKMALAYA","JAWA BARAT","32.06.24.2002","1/1/2023","2023-01-01","0"
"106","SINGASARI","SINGAPARNA","DAPIL 1","KAB. TASIKMALAYA","JAWA BARAT","32.06.24.2009","1/1/2023","2023-01-01","0"
"107","SUKAASIH","SINGAPARNA","DAPIL 1","KAB. TASIKMALAYA","JAWA BARAT","32.06.24.2007","1/1/2023","2023-01-01","0"
"108","SUKAHERANG","SINGAPARNA","DAPIL 1","KAB. TASIKMALAYA","JAWA BARAT","32.06.24.2010","1/1/2023","2023-01-01","0"
"109","SUKAMULYA","SINGAPARNA","DAPIL 1","KAB. TASIKMALAYA","JAWA BARAT","32.06.24.2008","1/1/2023","2023-01-01","0"
"110","PADASUKA","SUKARAME","DAPIL 1","KAB. TASIKMALAYA","JAWA BARAT","32.06.26.2004","1/1/2023","2023-01-01","0"
"111","SUKAKARSA","SUKARAME","DAPIL 1","KAB. TASIKMALAYA","JAWA BARAT","32.06.26.2003","1/1/2023","2023-01-01","0"
"112","SUKAMENAK","SUKARAME","DAPIL 1","KAB. TASIKMALAYA","JAWA BARAT","32.06.26.2002","1/1/2023","2023-01-01","0"
"113","SUKARAME","SUKARAME","DAPIL 1","KAB. TASIKMALAYA","JAWA BARAT","32.06.26.2001","1/1/2023","2023-01-01","0"
"114","SUKARAPIH","SUKARAME","DAPIL 1","KAB. TASIKMALAYA","JAWA BARAT","32.06.26.2005","1/1/2023","2023-01-01","0"
"115","WARGAKERTA","SUKARAME","DAPIL 1","KAB. TASIKMALAYA","JAWA BARAT","32.06.26.2006","1/1/2023","2023-01-01","0"
"116","CIBALANARIK","TANJUNGJAYA","DAPIL 1","KAB. TASIKMALAYA","JAWA BARAT","32.06.16.2002","1/1/2023","2023-01-01","0"
"117","CIKEUSAL","TANJUNGJAYA","DAPIL 1","KAB. TASIKMALAYA","JAWA BARAT","32.06.16.2001","1/1/2023","2023-01-01","0"
"118","CILOLOHAN","TANJUNGJAYA","DAPIL 1","KAB. TASIKMALAYA","JAWA BARAT","32.06.16.2005","1/1/2023","2023-01-01","0"
"119","CINTAJAYA","TANJUNGJAYA","DAPIL 1","KAB. TASIKMALAYA","JAWA BARAT","32.06.16.2006","1/1/2023","2023-01-01","0"
"120","SUKANAGARA","TANJUNGJAYA","DAPIL 1","KAB. TASIKMALAYA","JAWA BARAT","32.06.16.2003","1/1/2023","2023-01-01","0"
"121","SUKASENANG","TANJUNGJAYA","DAPIL 1","KAB. TASIKMALAYA","JAWA BARAT","32.06.16.2007","1/1/2023","2023-01-01","0"
"122","TANJUNGJAYA","TANJUNGJAYA","DAPIL 1","KAB. TASIKMALAYA","JAWA BARAT","32.06.16.2004","1/1/2023","2023-01-01","0"
"123","CIKADU","CISAYONG","DAPIL 2","KAB. TASIKMALAYA","JAWA BARAT","32.06.32.2006","1/1/2023","2023-01-01","0"
"124","CILEULEUS","CISAYONG","DAPIL 2","KAB. TASIKMALAYA","JAWA BARAT","32.06.32.2007","1/1/2023","2023-01-01","0"
"125","CISAYONG","CISAYONG","DAPIL 2","KAB. TASIKMALAYA","JAWA BARAT","32.06.32.2001","1/1/2023","2023-01-01","0"
"126","JATIHURIP","CISAYONG","DAPIL 2","KAB. TASIKMALAYA","JAWA BARAT","32.06.32.2008","1/1/2023","2023-01-01","0"
"127","MEKARWANGI","CISAYONG","DAPIL 2","KAB. TASIKMALAYA","JAWA BARAT","32.06.32.2012","1/1/2023","2023-01-01","0"
"128","NUSAWANGI","CISAYONG","DAPIL 2","KAB. TASIKMALAYA","JAWA BARAT","32.06.32.2005","1/1/2023","2023-01-01","0"
"129","PURWASARI","CISAYONG","DAPIL 2","KAB. TASIKMALAYA","JAWA BARAT","32.06.32.2010","1/1/2023","2023-01-01","0"
"130","SANTANAMEKAR","CISAYONG","DAPIL 2","KAB. TASIKMALAYA","JAWA BARAT","32.06.32.2013","1/1/2023","2023-01-01","0"
"131","SUKAJADI","CISAYONG","DAPIL 2","KAB. TASIKMALAYA","JAWA BARAT","32.06.32.2002","1/1/2023","2023-01-01","0"
"132","SUKAMUKTI","CISAYONG","DAPIL 2","KAB. TASIKMALAYA","JAWA BARAT","32.06.32.2004","1/1/2023","2023-01-01","0"
"133","SUKARAHARJA","CISAYONG","DAPIL 2","KAB. TASIKMALAYA","JAWA BARAT","32.06.32.2011","1/1/2023","2023-01-01","0"
"134","SUKASETIA","CISAYONG","DAPIL 2","KAB. TASIKMALAYA","JAWA BARAT","32.06.32.2009","1/1/2023","2023-01-01","0"
"135","SUKASUKUR","CISAYONG","DAPIL 2","KAB. TASIKMALAYA","JAWA BARAT","32.06.32.2003","1/1/2023","2023-01-01","0"
"136","ARJASARI","LEUWISARI","DAPIL 2","KAB. TASIKMALAYA","JAWA BARAT","32.06.28.2001","1/1/2023","2023-01-01","0"
"137","CIAWANG","LEUWISARI","DAPIL 2","KAB. TASIKMALAYA","JAWA BARAT","32.06.28.2002","1/1/2023","2023-01-01","0"
"138","CIGADOG","LEUWISARI","DAPIL 2","KAB. TASIKMALAYA","JAWA BARAT","32.06.28.2003","1/1/2023","2023-01-01","0"
"139","JAYAMUKTI","LEUWISARI","DAPIL 2","KAB. TASIKMALAYA","JAWA BARAT","32.06.28.2005","1/1/2023","2023-01-01","0"
"140","LINGGAMULYA","LEUWISARI","DAPIL 2","KAB. TASIKMALAYA","JAWA BARAT","32.06.28.2007","1/1/2023","2023-01-01","0"
"141","LINGGAWANGI","LEUWISARI","DAPIL 2","KAB. TASIKMALAYA","JAWA BARAT","32.06.28.2004","1/1/2023","2023-01-01","0"
"142","MANDALAGIRI","LEUWISARI","DAPIL 2","KAB. TASIKMALAYA","JAWA BARAT","32.06.28.2006","1/1/2023","2023-01-01","0"
"143","CILAMPUNGHILIR","PADAKEMBANG","DAPIL 2","KAB. TASIKMALAYA","JAWA BARAT","32.06.29.2001","1/1/2023","2023-01-01","0"
"144","CISARUNI","PADAKEMBANG","DAPIL 2","KAB. TASIKMALAYA","JAWA BARAT","32.06.29.2004","1/1/2023","2023-01-01","0"
"145","MEKARJAYA","PADAKEMBANG","DAPIL 2","KAB. TASIKMALAYA","JAWA BARAT","32.06.29.2003","1/1/2023","2023-01-01","0"
"146","PADAKEMBANG","PADAKEMBANG","DAPIL 2","KAB. TASIKMALAYA","JAWA BARAT","32.06.29.2005","1/1/2023","2023-01-01","0"
"147","RANCAPAKU","PADAKEMBANG","DAPIL 2","KAB. TASIKMALAYA","JAWA BARAT","32.06.29.2002","1/1/2023","2023-01-01","0"
"148","DAWAGUNG","RAJAPOLAH","DAPIL 2","KAB. TASIKMALAYA","JAWA BARAT","32.06.34.2001","1/1/2023","2023-01-01","0"
"149","MANGGUNGJAYA","RAJAPOLAH","DAPIL 2","KAB. TASIKMALAYA","JAWA BARAT","32.06.34.2003","1/1/2023","2023-01-01","0"
"150","MANGGUNGSARI","RAJAPOLAH","DAPIL 2","KAB. TASIKMALAYA","JAWA BARAT","32.06.34.2004","1/1/2023","2023-01-01","0"
"151","RAJAMANDALA","RAJAPOLAH","DAPIL 2","KAB. TASIKMALAYA","JAWA BARAT","32.06.34.2006","1/1/2023","2023-01-01","0"
"152","RAJAPOLAH","RAJAPOLAH","DAPIL 2","KAB. TASIKMALAYA","JAWA BARAT","32.06.34.2002","1/1/2023","2023-01-01","0"
"153","SUKANAGALIH","RAJAPOLAH","DAPIL 2","KAB. TASIKMALAYA","JAWA BARAT","32.06.34.2007","1/1/2023","2023-01-01","0"
"154","SUKARAJA","RAJAPOLAH","DAPIL 2","KAB. TASIKMALAYA","JAWA BARAT","32.06.34.2005","1/1/2023","2023-01-01","0"
"155","TANJUNGPURA","RAJAPOLAH","DAPIL 2","KAB. TASIKMALAYA","JAWA BARAT","32.06.34.2008","1/1/2023","2023-01-01","0"
"156","BANYURASA","SUKAHENING","DAPIL 2","KAB. TASIKMALAYA","JAWA BARAT","32.06.33.2001","1/1/2023","2023-01-01","0"
"157","BANYURESMI","SUKAHENING","DAPIL 2","KAB. TASIKMALAYA","JAWA BARAT","32.06.33.2006","1/1/2023","2023-01-01","0"
"158","CALINGCING","SUKAHENING","DAPIL 2","KAB. TASIKMALAYA","JAWA BARAT","32.06.33.2002","1/1/2023","2023-01-01","0"
"159","KIARAJANGKUNG","SUKAHENING","DAPIL 2","KAB. TASIKMALAYA","JAWA BARAT","32.06.33.2004","1/1/2023","2023-01-01","0"
"160","KUDADEPA","SUKAHENING","DAPIL 2","KAB. TASIKMALAYA","JAWA BARAT","32.06.33.2005","1/1/2023","2023-01-01","0"
"161","SUKAHENING","SUKAHENING","DAPIL 2","KAB. TASIKMALAYA","JAWA BARAT","32.06.33.2003","1/1/2023","2023-01-01","0"
"162","SUNDAKERTA","SUKAHENING","DAPIL 2","KAB. TASIKMALAYA","JAWA BARAT","32.06.33.2007","1/1/2023","2023-01-01","0"
"163","GUNUNGSARI","SUKARATU","DAPIL 2","KAB. TASIKMALAYA","JAWA BARAT","32.06.31.2004","1/1/2023","2023-01-01","0"
"164","INDRAJAYA","SUKARATU","DAPIL 2","KAB. TASIKMALAYA","JAWA BARAT","32.06.31.2008","1/1/2023","2023-01-01","0"
"165","LINGGAJATI","SUKARATU","DAPIL 2","KAB. TASIKMALAYA","JAWA BARAT","32.06.31.2001","1/1/2023","2023-01-01","0"
"166","SINAGAR","SUKARATU","DAPIL 2","KAB. TASIKMALAYA","JAWA BARAT","32.06.31.2003","1/1/2023","2023-01-01","0"
"167","SUKAGALIH","SUKARATU","DAPIL 2","KAB. TASIKMALAYA","JAWA BARAT","32.06.31.2006","1/1/2023","2023-01-01","0"
"168","SUKAMAHI","SUKARATU","DAPIL 2","KAB. TASIKMALAYA","JAWA BARAT","32.06.31.2005","1/1/2023","2023-01-01","0"
"169","SUKARATU","SUKARATU","DAPIL 2","KAB. TASIKMALAYA","JAWA BARAT","32.06.31.2007","1/1/2023","2023-01-01","0"
"170","TAWANGBANTENG","SUKARATU","DAPIL 2","KAB. TASIKMALAYA","JAWA BARAT","32.06.31.2002","1/1/2023","2023-01-01","0"
"171","BUGEL","CIAWI","DAPIL 3","KAB. TASIKMALAYA","JAWA BARAT","32.06.36.2002","1/1/2023","2023-01-01","0"
"172","CIAWI","CIAWI","DAPIL 3","KAB. TASIKMALAYA","JAWA BARAT","32.06.36.2005","1/1/2023","2023-01-01","0"
"173","CITAMBA","CIAWI","DAPIL 3","KAB. TASIKMALAYA","JAWA BARAT","32.06.36.2008","1/1/2023","2023-01-01","0"
"174","GOMBONG","CIAWI","DAPIL 3","KAB. TASIKMALAYA","JAWA BARAT","32.06.36.2001","1/1/2023","2023-01-01","0"
"175","KERTAMUKTI","CIAWI","DAPIL 3","KAB. TASIKMALAYA","JAWA BARAT","32.06.36.2009","1/1/2023","2023-01-01","0"
"176","KURNIABAKTI","CIAWI","DAPIL 3","KAB. TASIKMALAYA","JAWA BARAT","32.06.36.2010","1/1/2023","2023-01-01","0"
"177","MARGASARI","CIAWI","DAPIL 3","KAB. TASIKMALAYA","JAWA BARAT","32.06.36.2003","1/1/2023","2023-01-01","0"
"178","PAKEMITAN","CIAWI","DAPIL 3","KAB. TASIKMALAYA","JAWA BARAT","32.06.36.2004","1/1/2023","2023-01-01","0"
"179","PAKEMITAN KIDUL","CIAWI","DAPIL 3","KAB. TASIKMALAYA","JAWA BARAT","32.06.36.2011","1/1/2023","2023-01-01","0"
"180","PASIRHUNI","CIAWI","DAPIL 3","KAB. TASIKMALAYA","JAWA BARAT","32.06.36.2007","1/1/2023","2023-01-01","0"
"181","SUKAMANTRI","CIAWI","DAPIL 3","KAB. TASIKMALAYA","JAWA BARAT","32.06.36.2006","1/1/2023","2023-01-01","0"
"182","BOJONGGAOK","JAMANIS","DAPIL 3","KAB. TASIKMALAYA","JAWA BARAT","32.06.35.2002","1/1/2023","2023-01-01","0"
"183","CONDONG","JAMANIS","DAPIL 3","KAB. TASIKMALAYA","JAWA BARAT","32.06.35.2001","1/1/2023","2023-01-01","0"
"184","GERESIK","JAMANIS","DAPIL 3","KAB. TASIKMALAYA","JAWA BARAT","32.06.35.2005","1/1/2023","2023-01-01","0"
"185","KARANGMULYA","JAMANIS","DAPIL 3","KAB. TASIKMALAYA","JAWA BARAT","32.06.35.2004","1/1/2023","2023-01-01","0"
"186","KARANGRESIK","JAMANIS","DAPIL 3","KAB. TASIKMALAYA","JAWA BARAT","32.06.35.2008","1/1/2023","2023-01-01","0"
"187","KARANGSEMBUNG","JAMANIS","DAPIL 3","KAB. TASIKMALAYA","JAWA BARAT","32.06.35.2006","1/1/2023","2023-01-01","0"
"188","SINDANGRAJA","JAMANIS","DAPIL 3","KAB. TASIKMALAYA","JAWA BARAT","32.06.35.2003","1/1/2023","2023-01-01","0"
"189","TANJUNGMEKAR","JAMANIS","DAPIL 3","KAB. TASIKMALAYA","JAWA BARAT","32.06.35.2007","1/1/2023","2023-01-01","0"
"190","BUNIASIH","KADIPATEN","DAPIL 3","KAB. TASIKMALAYA","JAWA BARAT","32.06.37.2005","1/1/2023","2023-01-01","0"
"191","CIBAHAYU","KADIPATEN","DAPIL 3","KAB. TASIKMALAYA","JAWA BARAT","32.06.37.2003","1/1/2023","2023-01-01","0"
"192","DIRGAHAYU","KADIPATEN","DAPIL 3","KAB. TASIKMALAYA","JAWA BARAT","32.06.37.2002","1/1/2023","2023-01-01","0"
"193","KADIPATEN","KADIPATEN","DAPIL 3","KAB. TASIKMALAYA","JAWA BARAT","32.06.37.2001","1/1/2023","2023-01-01","0"
"194","MEKARSARI","KADIPATEN","DAPIL 3","KAB. TASIKMALAYA","JAWA BARAT","32.06.37.2004","1/1/2023","2023-01-01","0"
"195","PAMOYANAN","KADIPATEN","DAPIL 3","KAB. TASIKMALAYA","JAWA BARAT","32.06.37.2006","1/1/2023","2023-01-01","0"
"196","CIPACING","PAGERAGEUNG","DAPIL 3","KAB. TASIKMALAYA","JAWA BARAT","32.06.38.2001","1/1/2023","2023-01-01","0"
"197","GURANTENG","PAGERAGEUNG","DAPIL 3","KAB. TASIKMALAYA","JAWA BARAT","32.06.38.2006","1/1/2023","2023-01-01","0"
"198","NANGGEWER","PAGERAGEUNG","DAPIL 3","KAB. TASIKMALAYA","JAWA BARAT","32.06.38.2007","1/1/2023","2023-01-01","0"
"199","PAGERAGEUNG","PAGERAGEUNG","DAPIL 3","KAB. TASIKMALAYA","JAWA BARAT","32.06.38.2002","1/1/2023","2023-01-01","0"
"200","PAGERSARI","PAGERAGEUNG","DAPIL 3","KAB. TASIKMALAYA","JAWA BARAT","32.06.38.2009","1/1/2023","2023-01-01","0"
"201","PUTERAN","PAGERAGEUNG","DAPIL 3","KAB. TASIKMALAYA","JAWA BARAT","32.06.38.2005","1/1/2023","2023-01-01","0"
"202","SUKADANA","PAGERAGEUNG","DAPIL 3","KAB. TASIKMALAYA","JAWA BARAT","32.06.38.2010","1/1/2023","2023-01-01","0"
"203","SUKAMAJU","PAGERAGEUNG","DAPIL 3","KAB. TASIKMALAYA","JAWA BARAT","32.06.38.2003","1/1/2023","2023-01-01","0"
"204","SUKAPADA","PAGERAGEUNG","DAPIL 3","KAB. TASIKMALAYA","JAWA BARAT","32.06.38.2008","1/1/2023","2023-01-01","0"
"205","TANJUNGKERTA","PAGERAGEUNG","DAPIL 3","KAB. TASIKMALAYA","JAWA BARAT","32.06.38.2004","1/1/2023","2023-01-01","0"
"206","BANJARSARI","SUKARESIK","DAPIL 3","KAB. TASIKMALAYA","JAWA BARAT","32.06.39.2004","1/1/2023","2023-01-01","0"
"207","CIPONDOK","SUKARESIK","DAPIL 3","KAB. TASIKMALAYA","JAWA BARAT","32.06.39.2001","1/1/2023","2023-01-01","0"
"208","MARGAMULYA","SUKARESIK","DAPIL 3","KAB. TASIKMALAYA","JAWA BARAT","32.06.39.2008","1/1/2023","2023-01-01","0"
"209","SUKAMENAK","SUKARESIK","DAPIL 3","KAB. TASIKMALAYA","JAWA BARAT","32.06.39.2002","1/1/2023","2023-01-01","0"
"210","SUKAPANCAR","SUKARESIK","DAPIL 3","KAB. TASIKMALAYA","JAWA BARAT","32.06.39.2006","1/1/2023","2023-01-01","0"
"211","SUKARATU","SUKARESIK","DAPIL 3","KAB. TASIKMALAYA","JAWA BARAT","32.06.39.2003","1/1/2023","2023-01-01","0"
"212","SUKARESIK","SUKARESIK","DAPIL 3","KAB. TASIKMALAYA","JAWA BARAT","32.06.39.2007","1/1/2023","2023-01-01","0"
"213","TANJUNGSARI","SUKARESIK","DAPIL 3","KAB. TASIKMALAYA","JAWA BARAT","32.06.39.2005","1/1/2023","2023-01-01","0"
"214","ANCOL","CINEAM","DAPIL 4","KAB. TASIKMALAYA","JAWA BARAT","32.06.20.2007","1/1/2023","2023-01-01","0"
"215","CIAMPANAN","CINEAM","DAPIL 4","KAB. TASIKMALAYA","JAWA BARAT","32.06.20.2004","1/1/2023","2023-01-01","0"
"216","CIJULANG","CINEAM","DAPIL 4","KAB. TASIKMALAYA","JAWA BARAT","32.06.20.2003","1/1/2023","2023-01-01","0"
"217","CIKONDANG","CINEAM","DAPIL 4","KAB. TASIKMALAYA","JAWA BARAT","32.06.20.2002","1/1/2023","2023-01-01","0"
"218","CINEAM","CINEAM","DAPIL 4","KAB. TASIKMALAYA","JAWA BARAT","32.06.20.2005","1/1/2023","2023-01-01","0"
"219","CISARUA","CINEAM","DAPIL 4","KAB. TASIKMALAYA","JAWA BARAT","32.06.20.2001","1/1/2023","2023-01-01","0"
"220","MADIASARI","CINEAM","DAPIL 4","KAB. TASIKMALAYA","JAWA BARAT","32.06.20.2010","1/1/2023","2023-01-01","0"
"221","NAGARATENGAH","CINEAM","DAPIL 4","KAB. TASIKMALAYA","JAWA BARAT","32.06.20.2008","1/1/2023","2023-01-01","0"
"222","PASIRMUKTI","CINEAM","DAPIL 4","KAB. TASIKMALAYA","JAWA BARAT","32.06.20.2009","1/1/2023","2023-01-01","0"
"223","RAJADATU","CINEAM","DAPIL 4","KAB. TASIKMALAYA","JAWA BARAT","32.06.20.2006","1/1/2023","2023-01-01","0"
"224","BOJONGSARI","GUNUNGTANJUNG","DAPIL 4","KAB. TASIKMALAYA","JAWA BARAT","32.06.23.2003","1/1/2023","2023-01-01","0"
"225","CINUNJANG","GUNUNGTANJUNG","DAPIL 4","KAB. TASIKMALAYA","JAWA BARAT","32.06.23.2001","1/1/2023","2023-01-01","0"
"226","GIRIWANGI","GUNUNGTANJUNG","DAPIL 4","KAB. TASIKMALAYA","JAWA BARAT","32.06.23.2006","1/1/2023","2023-01-01","0"
"227","GUNUNGTANJUNG","GUNUNGTANJUNG","DAPIL 4","KAB. TASIKMALAYA","JAWA BARAT","32.06.23.2002","1/1/2023","2023-01-01","0"
"228","JATIJAYA","GUNUNGTANJUNG","DAPIL 4","KAB. TASIKMALAYA","JAWA BARAT","32.06.23.2004","1/1/2023","2023-01-01","0"
"229","MALATISUKA","GUNUNGTANJUNG","DAPIL 4","KAB. TASIKMALAYA","JAWA BARAT","32.06.23.2007","1/1/2023","2023-01-01","0"
"230","TANJUNGSARI","GUNUNGTANJUNG","DAPIL 4","KAB. TASIKMALAYA","JAWA BARAT","32.06.23.2005","1/1/2023","2023-01-01","0"
"231","CIWARAK","JATIWARAS","DAPIL 4","KAB. TASIKMALAYA","JAWA BARAT","32.06.19.2007","1/1/2023","2023-01-01","0"
"232","JATIWARAS","JATIWARAS","DAPIL 4","KAB. TASIKMALAYA","JAWA BARAT","32.06.19.2005","1/1/2023","2023-01-01","0"
"233","KAPUTIHAN","JATIWARAS","DAPIL 4","KAB. TASIKMALAYA","JAWA BARAT","32.06.19.2001","1/1/2023","2023-01-01","0"
"234","KERSAGALIH","JATIWARAS","DAPIL 4","KAB. TASIKMALAYA","JAWA BARAT","32.06.19.2008","1/1/2023","2023-01-01","0"
"235","KERTARAHAYU","JATIWARAS","DAPIL 4","KAB. TASIKMALAYA","JAWA BARAT","32.06.19.2010","1/1/2023","2023-01-01","0"
"236","MANDALAHURIP","JATIWARAS","DAPIL 4","KAB. TASIKMALAYA","JAWA BARAT","32.06.19.2011","1/1/2023","2023-01-01","0"
"237","MANDALAMEKAR","JATIWARAS","DAPIL 4","KAB. TASIKMALAYA","JAWA BARAT","32.06.19.2009","1/1/2023","2023-01-01","0"
"238","NEGLASARI","JATIWARAS","DAPIL 4","KAB. TASIKMALAYA","JAWA BARAT","32.06.19.2004","1/1/2023","2023-01-01","0"
"239","PAPAYAN","JATIWARAS","DAPIL 4","KAB. TASIKMALAYA","JAWA BARAT","32.06.19.2006","1/1/2023","2023-01-01","0"
"240","SETIAWANGI","JATIWARAS","DAPIL 4","KAB. TASIKMALAYA","JAWA BARAT","32.06.19.2002","1/1/2023","2023-01-01","0"
"241","SUKAKERTA","JATIWARAS","DAPIL 4","KAB. TASIKMALAYA","JAWA BARAT","32.06.19.2003","1/1/2023","2023-01-01","0"
"242","CITALAHAB","KARANGJAYA","DAPIL 4","KAB. TASIKMALAYA","JAWA BARAT","32.06.21.2004","1/1/2023","2023-01-01","0"
"243","KARANGJAYA","KARANGJAYA","DAPIL 4","KAB. TASIKMALAYA","JAWA BARAT","32.06.21.2002","1/1/2023","2023-01-01","0"
"244","KARANGLAYUNG","KARANGJAYA","DAPIL 4","KAB. TASIKMALAYA","JAWA BARAT","32.06.21.2003","1/1/2023","2023-01-01","0"
"245","SIRNAJAYA","KARANGJAYA","DAPIL 4","KAB. TASIKMALAYA","JAWA BARAT","32.06.21.2001","1/1/2023","2023-01-01","0"
"246","BATUSUMUR","MANONJAYA","DAPIL 4","KAB. TASIKMALAYA","JAWA BARAT","32.06.22.2011","1/1/2023","2023-01-01","0"
"247","CIBEBER","MANONJAYA","DAPIL 4","KAB. TASIKMALAYA","JAWA BARAT","32.06.22.2004","1/1/2023","2023-01-01","0"
"248","CIHAUR","MANONJAYA","DAPIL 4","KAB. TASIKMALAYA","JAWA BARAT","32.06.22.2001","1/1/2023","2023-01-01","0"
"249","CILANGKAP","MANONJAYA","DAPIL 4","KAB. TASIKMALAYA","JAWA BARAT","32.06.22.2002","1/1/2023","2023-01-01","0"
"250","GUNAJAYA","MANONJAYA","DAPIL 4","KAB. TASIKMALAYA","JAWA BARAT","32.06.22.2012","1/1/2023","2023-01-01","0"
"251","KALIMANGGIS","MANONJAYA","DAPIL 4","KAB. TASIKMALAYA","JAWA BARAT","32.06.22.2009","1/1/2023","2023-01-01","0"
"252","KAMULYAN","MANONJAYA","DAPIL 4","KAB. TASIKMALAYA","JAWA BARAT","32.06.22.2005","1/1/2023","2023-01-01","0"
"253","MANONJAYA","MANONJAYA","DAPIL 4","KAB. TASIKMALAYA","JAWA BARAT","32.06.22.2006","1/1/2023","2023-01-01","0"
"254","MARGAHAYU","MANONJAYA","DAPIL 4","KAB. TASIKMALAYA","JAWA BARAT","32.06.22.2010","1/1/2023","2023-01-01","0"
"255","MARGALUYU","MANONJAYA","DAPIL 4","KAB. TASIKMALAYA","JAWA BARAT","32.06.22.2007","1/1/2023","2023-01-01","0"
"256","PASIRBATANG","MANONJAYA","DAPIL 4","KAB. TASIKMALAYA","JAWA BARAT","32.06.22.2008","1/1/2023","2023-01-01","0"
"257","PASIRPANJANG","MANONJAYA","DAPIL 4","KAB. TASIKMALAYA","JAWA BARAT","32.06.22.2003","1/1/2023","2023-01-01","0"
"258","BANJARWARINGIN","SALOPA","DAPIL 4","KAB. TASIKMALAYA","JAWA BARAT","32.06.18.2009","1/1/2023","2023-01-01","0"
"259","KARYAMANDALA","SALOPA","DAPIL 4","KAB. TASIKMALAYA","JAWA BARAT","32.06.18.2008","1/1/2023","2023-01-01","0"
"260","KARYAWANGI","SALOPA","DAPIL 4","KAB. TASIKMALAYA","JAWA BARAT","32.06.18.2005","1/1/2023","2023-01-01","0"
"261","KAWITAN","SALOPA","DAPIL 4","KAB. TASIKMALAYA","JAWA BARAT","32.06.18.2003","1/1/2023","2023-01-01","0"
"262","MANDALAGUNA","SALOPA","DAPIL 4","KAB. TASIKMALAYA","JAWA BARAT","32.06.18.2007","1/1/2023","2023-01-01","0"
"263","MANDALAHAYU","SALOPA","DAPIL 4","KAB. TASIKMALAYA","JAWA BARAT","32.06.18.2001","1/1/2023","2023-01-01","0"
"264","MANDALAWANGI","SALOPA","DAPIL 4","KAB. TASIKMALAYA","JAWA BARAT","32.06.18.2004","1/1/2023","2023-01-01","0"
"265","MULYASARI","SALOPA","DAPIL 4","KAB. TASIKMALAYA","JAWA BARAT","32.06.18.2002","1/1/2023","2023-01-01","0"
"266","TANJUNGSARI","SALOPA","DAPIL 4","KAB. TASIKMALAYA","JAWA BARAT","32.06.18.2006","1/1/2023","2023-01-01","0"
"267","CIBEBER","CIKALONG","DAPIL 5","KAB. TASIKMALAYA","JAWA BARAT","32.06.03.2006","1/1/2023","2023-01-01","0"
"268","CIDADALI","CIKALONG","DAPIL 5","KAB. TASIKMALAYA","JAWA BARAT","32.06.03.2009","1/1/2023","2023-01-01","0"
"269","CIKADU","CIKALONG","DAPIL 5","KAB. TASIKMALAYA","JAWA BARAT","32.06.03.2007","1/1/2023","2023-01-01","0"
"270","CIKALONG","CIKALONG","DAPIL 5","KAB. TASIKMALAYA","JAWA BARAT","32.06.03.2001","1/1/2023","2023-01-01","0"
"271","CIKANCRA","CIKALONG","DAPIL 5","KAB. TASIKMALAYA","JAWA BARAT","32.06.03.2003","1/1/2023","2023-01-01","0"
"272","CIMANUK","CIKALONG","DAPIL 5","KAB. TASIKMALAYA","JAWA BARAT","32.06.03.2010","1/1/2023","2023-01-01","0"
"273","KALAPAGENEP","CIKALONG","DAPIL 5","KAB. TASIKMALAYA","JAWA BARAT","32.06.03.2002","1/1/2023","2023-01-01","0"
"274","KUBANGSARI","CIKALONG","DAPIL 5","KAB. TASIKMALAYA","JAWA BARAT","32.06.03.2012","1/1/2023","2023-01-01","0"
"275","MANDALAJAYA","CIKALONG","DAPIL 5","KAB. TASIKMALAYA","JAWA BARAT","32.06.03.2008","1/1/2023","2023-01-01","0"
"276","PANYIARAN","CIKALONG","DAPIL 5","KAB. TASIKMALAYA","JAWA BARAT","32.06.03.2005","1/1/2023","2023-01-01","0"
"277","SINDANGJAYA","CIKALONG","DAPIL 5","KAB. TASIKMALAYA","JAWA BARAT","32.06.03.2011","1/1/2023","2023-01-01","0"
"278","SINGKIR","CIKALONG","DAPIL 5","KAB. TASIKMALAYA","JAWA BARAT","32.06.03.2004","1/1/2023","2023-01-01","0"
"279","TONJONGSARI","CIKALONG","DAPIL 5","KAB. TASIKMALAYA","JAWA BARAT","32.06.03.2013","1/1/2023","2023-01-01","0"
"280","CAYUR","CIKATOMAS","DAPIL 5","KAB. TASIKMALAYA","JAWA BARAT","32.06.05.2005","1/1/2023","2023-01-01","0"
"281","CILUMBA","CIKATOMAS","DAPIL 5","KAB. TASIKMALAYA","JAWA BARAT","32.06.05.2002","1/1/2023","2023-01-01","0"
"282","COGREG","CIKATOMAS","DAPIL 5","KAB. TASIKMALAYA","JAWA BARAT","32.06.05.2004","1/1/2023","2023-01-01","0"
"283","GUNUNGSARI","CIKATOMAS","DAPIL 5","KAB. TASIKMALAYA","JAWA BARAT","32.06.05.2001","1/1/2023","2023-01-01","0"
"284","LENGKONGBARANG","CIKATOMAS","DAPIL 5","KAB. TASIKMALAYA","JAWA BARAT","32.06.05.2006","1/1/2023","2023-01-01","0"
"285","LINGGALAKSANA","CIKATOMAS","DAPIL 5","KAB. TASIKMALAYA","JAWA BARAT","32.06.05.2009","1/1/2023","2023-01-01","0"
"286","PAKEMITAN","CIKATOMAS","DAPIL 5","KAB. TASIKMALAYA","JAWA BARAT","32.06.05.2003","1/1/2023","2023-01-01","0"
"287","SINDANGASIH","CIKATOMAS","DAPIL 5","KAB. TASIKMALAYA","JAWA BARAT","32.06.05.2007","1/1/2023","2023-01-01","0"
"288","TANJUNGBARANG","CIKATOMAS","DAPIL 5","KAB. TASIKMALAYA","JAWA BARAT","32.06.05.2008","1/1/2023","2023-01-01","0"
"289","CIAWI","KARANGNUNGGAL","DAPIL 5","KAB. TASIKMALAYA","JAWA BARAT","32.06.02.2002","1/1/2023","2023-01-01","0"
"290","CIBATU","KARANGNUNGGAL","DAPIL 5","KAB. TASIKMALAYA","JAWA BARAT","32.06.02.2008","1/1/2023","2023-01-01","0"
"291","CIBATUIRENG","KARANGNUNGGAL","DAPIL 5","KAB. TASIKMALAYA","JAWA BARAT","32.06.02.2007","1/1/2023","2023-01-01","0"
"292","CIDADAP","KARANGNUNGGAL","DAPIL 5","KAB. TASIKMALAYA","JAWA BARAT","32.06.02.2001","1/1/2023","2023-01-01","0"
"293","CIKAPINIS","KARANGNUNGGAL","DAPIL 5","KAB. TASIKMALAYA","JAWA BARAT","32.06.02.2012","1/1/2023","2023-01-01","0"
"294","CIKUKULU","KARANGNUNGGAL","DAPIL 5","KAB. TASIKMALAYA","JAWA BARAT","32.06.02.2006","1/1/2023","2023-01-01","0"
"295","CIKUPA","KARANGNUNGGAL","DAPIL 5","KAB. TASIKMALAYA","JAWA BARAT","32.06.02.2003","1/1/2023","2023-01-01","0"
"296","CINTAWANGI","KARANGNUNGGAL","DAPIL 5","KAB. TASIKMALAYA","JAWA BARAT","32.06.02.2011","1/1/2023","2023-01-01","0"
"297","KARANGMEKAR","KARANGNUNGGAL","DAPIL 5","KAB. TASIKMALAYA","JAWA BARAT","32.06.02.2005","1/1/2023","2023-01-01","0"
"298","KARANGNUNGGAL","KARANGNUNGGAL","DAPIL 5","KAB. TASIKMALAYA","JAWA BARAT","32.06.02.2004","1/1/2023","2023-01-01","0"
"299","KUJANG","KARANGNUNGGAL","DAPIL 5","KAB. TASIKMALAYA","JAWA BARAT","32.06.02.2014","1/1/2023","2023-01-01","0"
"300","SARIMANGGU","KARANGNUNGGAL","DAPIL 5","KAB. TASIKMALAYA","JAWA BARAT","32.06.02.2009","1/1/2023","2023-01-01","0"
"301","SARIMUKTI","KARANGNUNGGAL","DAPIL 5","KAB. TASIKMALAYA","JAWA BARAT","32.06.02.2013","1/1/2023","2023-01-01","0"
"302","SUKAWANGUN","KARANGNUNGGAL","DAPIL 5","KAB. TASIKMALAYA","JAWA BARAT","32.06.02.2010","1/1/2023","2023-01-01","0"
"303","CIBONGAS","PANCATENGAH","DAPIL 5","KAB. TASIKMALAYA","JAWA BARAT","32.06.04.2004","1/1/2023","2023-01-01","0"
"304","CIBUNIASIH","PANCATENGAH","DAPIL 5","KAB. TASIKMALAYA","JAWA BARAT","32.06.04.2001","1/1/2023","2023-01-01","0"
"305","CIKAWUNG","PANCATENGAH","DAPIL 5","KAB. TASIKMALAYA","JAWA BARAT","32.06.04.2007","1/1/2023","2023-01-01","0"
"306","JAYAMUKTI","PANCATENGAH","DAPIL 5","KAB. TASIKMALAYA","JAWA BARAT","32.06.04.2008","1/1/2023","2023-01-01","0"
"307","MARGALUYU","PANCATENGAH","DAPIL 5","KAB. TASIKMALAYA","JAWA BARAT","32.06.04.2009","1/1/2023","2023-01-01","0"
"308","MEKARSARI","PANCATENGAH","DAPIL 5","KAB. TASIKMALAYA","JAWA BARAT","32.06.04.2010","1/1/2023","2023-01-01","0"
"309","NEGLASARI","PANCATENGAH","DAPIL 5","KAB. TASIKMALAYA","JAWA BARAT","32.06.04.2006","1/1/2023","2023-01-01","0"
"310","PANCAWANGI","PANCATENGAH","DAPIL 5","KAB. TASIKMALAYA","JAWA BARAT","32.06.04.2011","1/1/2023","2023-01-01","0"
"311","PANGLIARAN","PANCATENGAH","DAPIL 5","KAB. TASIKMALAYA","JAWA BARAT","32.06.04.2002","1/1/2023","2023-01-01","0"
"312","TAWANG","PANCATENGAH","DAPIL 5","KAB. TASIKMALAYA","JAWA BARAT","32.06.04.2005","1/1/2023","2023-01-01","0"
"313","TONJONG","PANCATENGAH","DAPIL 5","KAB. TASIKMALAYA","JAWA BARAT","32.06.04.2003","1/1/2023","2023-01-01","0"
"314","HEGARWANGI","BANTARKALONG","DAPIL 6","KAB. TASIKMALAYA","JAWA BARAT","32.06.08.2006","1/1/2023","2023-01-01","0"
"315","PAMIJAHAN","BANTARKALONG","DAPIL 6","KAB. TASIKMALAYA","JAWA BARAT","32.06.08.2003","1/1/2023","2023-01-01","0"
"316","PARAKANHONJE","BANTARKALONG","DAPIL 6","KAB. TASIKMALAYA","JAWA BARAT","32.06.08.2002","1/1/2023","2023-01-01","0"
"317","SIMPANG","BANTARKALONG","DAPIL 6","KAB. TASIKMALAYA","JAWA BARAT","32.06.08.2001","1/1/2023","2023-01-01","0"
"318","SIRNAGALIH","BANTARKALONG","DAPIL 6","KAB. TASIKMALAYA","JAWA BARAT","32.06.08.2008","1/1/2023","2023-01-01","0"
"319","SUKAMAJU","BANTARKALONG","DAPIL 6","KAB. TASIKMALAYA","JAWA BARAT","32.06.08.2004","1/1/2023","2023-01-01","0"
"320","WAKAP","BANTARKALONG","DAPIL 6","KAB. TASIKMALAYA","JAWA BARAT","32.06.08.2007","1/1/2023","2023-01-01","0"
"321","WANGUNSARI","BANTARKALONG","DAPIL 6","KAB. TASIKMALAYA","JAWA BARAT","32.06.08.2005","1/1/2023","2023-01-01","0"
"322","BOJONGASIH","BOJONGASIH","DAPIL 6","KAB. TASIKMALAYA","JAWA BARAT","32.06.09.2003","1/1/2023","2023-01-01","0"
"323","CIKADONGDONG","BOJONGASIH","DAPIL 6","KAB. TASIKMALAYA","JAWA BARAT","32.06.09.2002","1/1/2023","2023-01-01","0"
"324","GIRIJAYA","BOJONGASIH","DAPIL 6","KAB. TASIKMALAYA","JAWA BARAT","32.06.09.2005","1/1/2023","2023-01-01","0"
"325","MERTAJAYA","BOJONGASIH","DAPIL 6","KAB. TASIKMALAYA","JAWA BARAT","32.06.09.2001","1/1/2023","2023-01-01","0"
"326","SINDANGSARI","BOJONGASIH","DAPIL 6","KAB. TASIKMALAYA","JAWA BARAT","32.06.09.2004","1/1/2023","2023-01-01","0"
"327","TOBLONGAN","BOJONGASIH","DAPIL 6","KAB. TASIKMALAYA","JAWA BARAT","32.06.09.2006","1/1/2023","2023-01-01","0"
"328","CIBALONG","CIBALONG","DAPIL 6","KAB. TASIKMALAYA","JAWA BARAT","32.06.06.2004","1/1/2023","2023-01-01","0"
"329","CISEMPUR","CIBALONG","DAPIL 6","KAB. TASIKMALAYA","JAWA BARAT","32.06.06.2001","1/1/2023","2023-01-01","0"
"330","EUREUNPALAY","CIBALONG","DAPIL 6","KAB. TASIKMALAYA","JAWA BARAT","32.06.06.2003","1/1/2023","2023-01-01","0"
"331","PARUNG","CIBALONG","DAPIL 6","KAB. TASIKMALAYA","JAWA BARAT","32.06.06.2006","1/1/2023","2023-01-01","0"
"332","SETIAWARAS","CIBALONG","DAPIL 6","KAB. TASIKMALAYA","JAWA BARAT","32.06.06.2002","1/1/2023","2023-01-01","0"
"333","SINGAJAYA","CIBALONG","DAPIL 6","KAB. TASIKMALAYA","JAWA BARAT","32.06.06.2005","1/1/2023","2023-01-01","0"
"334","BANTARKALONG","CIPATUJAH","DAPIL 6","KAB. TASIKMALAYA","JAWA BARAT","32.06.01.2005","1/1/2023","2023-01-01","0"
"335","CIANDUM","CIPATUJAH","DAPIL 6","KAB. TASIKMALAYA","JAWA BARAT","32.06.01.2012","1/1/2023","2023-01-01","0"
"336","CIHERAS","CIPATUJAH","DAPIL 6","KAB. TASIKMALAYA","JAWA BARAT","32.06.01.2001","1/1/2023","2023-01-01","0"
"337","CIKAWUNGADING","CIPATUJAH","DAPIL 6","KAB. TASIKMALAYA","JAWA BARAT","32.06.01.2004","1/1/2023","2023-01-01","0"
"338","CIPANAS","CIPATUJAH","DAPIL 6","KAB. TASIKMALAYA","JAWA BARAT","32.06.01.2010","1/1/2023","2023-01-01","0"
"339","CIPATUJAH","CIPATUJAH","DAPIL 6","KAB. TASIKMALAYA","JAWA BARAT","32.06.01.2002","1/1/2023","2023-01-01","0"
"340","DARAWATI","CIPATUJAH","DAPIL 6","KAB. TASIKMALAYA","JAWA BARAT","32.06.01.2006","1/1/2023","2023-01-01","0"
"341","KERTASARI","CIPATUJAH","DAPIL 6","KAB. TASIKMALAYA","JAWA BARAT","32.06.01.2011","1/1/2023","2023-01-01","0"
"342","NAGROG","CIPATUJAH","DAPIL 6","KAB. TASIKMALAYA","JAWA BARAT","32.06.01.2007","1/1/2023","2023-01-01","0"
"343","NANGELASARI","CIPATUJAH","DAPIL 6","KAB. TASIKMALAYA","JAWA BARAT","32.06.01.2013","1/1/2023","2023-01-01","0"
"344","PADAWARAS","CIPATUJAH","DAPIL 6","KAB. TASIKMALAYA","JAWA BARAT","32.06.01.2014","1/1/2023","2023-01-01","0"
"345","PAMEUTINGAN","CIPATUJAH","DAPIL 6","KAB. TASIKMALAYA","JAWA BARAT","32.06.01.2008","1/1/2023","2023-01-01","0"
"346","SINDANGKERTA","CIPATUJAH","DAPIL 6","KAB. TASIKMALAYA","JAWA BARAT","32.06.01.2003","1/1/2023","2023-01-01","0"
"347","SUKAHURIP","CIPATUJAH","DAPIL 6","KAB. TASIKMALAYA","JAWA BARAT","32.06.01.2015","1/1/2023","2023-01-01","0"
"348","TOBONGJAYA","CIPATUJAH","DAPIL 6","KAB. TASIKMALAYA","JAWA BARAT","32.06.01.2009","1/1/2023","2023-01-01","0"
"349","BOJONGSARI","CULAMEGA","DAPIL 6","KAB. TASIKMALAYA","JAWA BARAT","32.06.10.2004","1/1/2023","2023-01-01","0"
"350","CIKUYA","CULAMEGA","DAPIL 6","KAB. TASIKMALAYA","JAWA BARAT","32.06.10.2001","1/1/2023","2023-01-01","0"
"351","CINTABODAS","CULAMEGA","DAPIL 6","KAB. TASIKMALAYA","JAWA BARAT","32.06.10.2002","1/1/2023","2023-01-01","0"
"352","CIPICUNG","CULAMEGA","DAPIL 6","KAB. TASIKMALAYA","JAWA BARAT","32.06.10.2003","1/1/2023","2023-01-01","0"
"353","MEKARLAKSANA","CULAMEGA","DAPIL 6","KAB. TASIKMALAYA","JAWA BARAT","32.06.10.2005","1/1/2023","2023-01-01","0"
"354","BARUMEKAR","PARUNGPONTENG","DAPIL 6","KAB. TASIKMALAYA","JAWA BARAT","32.06.07.2004","1/1/2023","2023-01-01","0"
"355","BURUJULJAYA","PARUNGPONTENG","DAPIL 6","KAB. TASIKMALAYA","JAWA BARAT","32.06.07.2006","1/1/2023","2023-01-01","0"
"356","CIBANTENG","PARUNGPONTENG","DAPIL 6","KAB. TASIKMALAYA","JAWA BARAT","32.06.07.2003","1/1/2023","2023-01-01","0"
"357","CIBUNGUR","PARUNGPONTENG","DAPIL 6","KAB. TASIKMALAYA","JAWA BARAT","32.06.07.2005","1/1/2023","2023-01-01","0"
"358","CIGUNUNG","PARUNGPONTENG","DAPIL 6","KAB. TASIKMALAYA","JAWA BARAT","32.06.07.2002","1/1/2023","2023-01-01","0"
"359","GIRIKENCANA","PARUNGPONTENG","DAPIL 6","KAB. TASIKMALAYA","JAWA BARAT","32.06.07.2007","1/1/2023","2023-01-01","0"
"360","KARYABAKTI","PARUNGPONTENG","DAPIL 6","KAB. TASIKMALAYA","JAWA BARAT","32.06.07.2008","1/1/2023","2023-01-01","0"
"361","PARUNGPONTENG","PARUNGPONTENG","DAPIL 6","KAB. TASIKMALAYA","JAWA BARAT","32.06.07.2001","1/1/2023","2023-01-01","0"
"362","JANGGALA","SUKARAJA","DAPIL 6","KAB. TASIKMALAYA","JAWA BARAT","32.06.17.2006","1/1/2023","2023-01-01","0"
"363","LEUWIBUDAH","SUKARAJA","DAPIL 6","KAB. TASIKMALAYA","JAWA BARAT","32.06.17.2002","1/1/2023","2023-01-01","0"
"364","LINGGARAJA","SUKARAJA","DAPIL 6","KAB. TASIKMALAYA","JAWA BARAT","32.06.17.2005","1/1/2023","2023-01-01","0"
"365","MARGALAKSANA","SUKARAJA","DAPIL 6","KAB. TASIKMALAYA","JAWA BARAT","32.06.17.2007","1/1/2023","2023-01-01","0"
"366","MEKARJAYA","SUKARAJA","DAPIL 6","KAB. TASIKMALAYA","JAWA BARAT","32.06.17.2004","1/1/2023","2023-01-01","0"
"367","SIRNAJAYA","SUKARAJA","DAPIL 6","KAB. TASIKMALAYA","JAWA BARAT","32.06.17.2003","1/1/2023","2023-01-01","0"
"368","SUKAPURA","SUKARAJA","DAPIL 6","KAB. TASIKMALAYA","JAWA BARAT","32.06.17.2001","1/1/2023","2023-01-01","0"
"369","TARUNAJAYA","SUKARAJA","DAPIL 6","KAB. TASIKMALAYA","JAWA BARAT","32.06.17.2008","1/1/2023","2023-01-01","0"
"370","BOJONGGAMBIR","BOJONGGAMBIR","DAPIL 7","KAB. TASIKMALAYA","JAWA BARAT","32.06.11.2003","1/1/2023","2023-01-01","0"
"371","BOJONGKAPOL","BOJONGGAMBIR","DAPIL 7","KAB. TASIKMALAYA","JAWA BARAT","32.06.11.2001","1/1/2023","2023-01-01","0"
"372","CAMPAKASARI","BOJONGGAMBIR","DAPIL 7","KAB. TASIKMALAYA","JAWA BARAT","32.06.11.2006","1/1/2023","2023-01-01","0"
"373","CIROYOM","BOJONGGAMBIR","DAPIL 7","KAB. TASIKMALAYA","JAWA BARAT","32.06.11.2004","1/1/2023","2023-01-01","0"
"374","GIRIMUKTI","BOJONGGAMBIR","DAPIL 7","KAB. TASIKMALAYA","JAWA BARAT","32.06.11.2010","1/1/2023","2023-01-01","0"
"375","KERTANEGLA","BOJONGGAMBIR","DAPIL 7","KAB. TASIKMALAYA","JAWA BARAT","32.06.11.2008","1/1/2023","2023-01-01","0"
"376","MANGKONJAYA","BOJONGGAMBIR","DAPIL 7","KAB. TASIKMALAYA","JAWA BARAT","32.06.11.2007","1/1/2023","2023-01-01","0"
"377","PEDANGKAMULYAN","BOJONGGAMBIR","DAPIL 7","KAB. TASIKMALAYA","JAWA BARAT","32.06.11.2002","1/1/2023","2023-01-01","0"
"378","PURWARAHARJA","BOJONGGAMBIR","DAPIL 7","KAB. TASIKMALAYA","JAWA BARAT","32.06.11.2009","1/1/2023","2023-01-01","0"
"379","WANDASARI","BOJONGGAMBIR","DAPIL 7","KAB. TASIKMALAYA","JAWA BARAT","32.06.11.2005","1/1/2023","2023-01-01","0"
"380","CIMANGGU","PUSPAHIANG","DAPIL 7","KAB. TASIKMALAYA","JAWA BARAT","32.06.15.2007","1/1/2023","2023-01-01","0"
"381","LUYUBAKTI","PUSPAHIANG","DAPIL 7","KAB. TASIKMALAYA","JAWA BARAT","32.06.15.2005","1/1/2023","2023-01-01","0"
"382","MANDALASARI","PUSPAHIANG","DAPIL 7","KAB. TASIKMALAYA","JAWA BARAT","32.06.15.2001","1/1/2023","2023-01-01","0"
"383","PUSPAHIANG","PUSPAHIANG","DAPIL 7","KAB. TASIKMALAYA","JAWA BARAT","32.06.15.2004","1/1/2023","2023-01-01","0"
"384","PUSPAJAYA","PUSPAHIANG","DAPIL 7","KAB. TASIKMALAYA","JAWA BARAT","32.06.15.2008","1/1/2023","2023-01-01","0"
"385","PUSPARAHAYU","PUSPAHIANG","DAPIL 7","KAB. TASIKMALAYA","JAWA BARAT","32.06.15.2006","1/1/2023","2023-01-01","0"
"386","PUSPASARI","PUSPAHIANG","DAPIL 7","KAB. TASIKMALAYA","JAWA BARAT","32.06.15.2003","1/1/2023","2023-01-01","0"
"387","SUKASARI","PUSPAHIANG","DAPIL 7","KAB. TASIKMALAYA","JAWA BARAT","32.06.15.2002","1/1/2023","2023-01-01","0"
"388","JAHIANG","SALAWU","DAPIL 7","KAB. TASIKMALAYA","JAWA BARAT","32.06.14.2001","1/1/2023","2023-01-01","0"
"389","KARANGMUKTI","SALAWU","DAPIL 7","KAB. TASIKMALAYA","JAWA BARAT","32.06.14.2011","1/1/2023","2023-01-01","0"
"390","KAWUNGSARI","SALAWU","DAPIL 7","KAB. TASIKMALAYA","JAWA BARAT","32.06.14.2008","1/1/2023","2023-01-01","0"
"391","KUTAWARINGIN","SALAWU","DAPIL 7","KAB. TASIKMALAYA","JAWA BARAT","32.06.14.2010","1/1/2023","2023-01-01","0"
"392","MARGALAKSANA","SALAWU","DAPIL 7","KAB. TASIKMALAYA","JAWA BARAT","32.06.14.2012","1/1/2023","2023-01-01","0"
"393","NEGLASARI","SALAWU","DAPIL 7","KAB. TASIKMALAYA","JAWA BARAT","32.06.14.2004","1/1/2023","2023-01-01","0"
"394","SALAWU","SALAWU","DAPIL 7","KAB. TASIKMALAYA","JAWA BARAT","32.06.14.2003","1/1/2023","2023-01-01","0"
"395","SERANG","SALAWU","DAPIL 7","KAB. TASIKMALAYA","JAWA BARAT","32.06.14.2002","1/1/2023","2023-01-01","0"
"396","SUKARASA","SALAWU","DAPIL 7","KAB. TASIKMALAYA","JAWA BARAT","32.06.14.2009","1/1/2023","2023-01-01","0"
"397","SUNDAWENANG","SALAWU","DAPIL 7","KAB. TASIKMALAYA","JAWA BARAT","32.06.14.2007","1/1/2023","2023-01-01","0"
"398","TANJUNGSARI","SALAWU","DAPIL 7","KAB. TASIKMALAYA","JAWA BARAT","32.06.14.2005","1/1/2023","2023-01-01","0"
"399","TENJOWARINGIN","SALAWU","DAPIL 7","KAB. TASIKMALAYA","JAWA BARAT","32.06.14.2006","1/1/2023","2023-01-01","0"
"400","CIKALONG","SODONGHILIR","DAPIL 7","KAB. TASIKMALAYA","JAWA BARAT","32.06.12.2004","1/1/2023","2023-01-01","0"
"401","CIPAINGEUN","SODONGHILIR","DAPIL 7","KAB. TASIKMALAYA","JAWA BARAT","32.06.12.2005","1/1/2023","2023-01-01","0"
"402","CUKANGJAYAGUNA","SODONGHILIR","DAPIL 7","KAB. TASIKMALAYA","JAWA BARAT","32.06.12.2009","1/1/2023","2023-01-01","0"
"403","CUKANGKAWUNG","SODONGHILIR","DAPIL 7","KAB. TASIKMALAYA","JAWA BARAT","32.06.12.2002","1/1/2023","2023-01-01","0"
"404","LEUWIDULANG","SODONGHILIR","DAPIL 7","KAB. TASIKMALAYA","JAWA BARAT","32.06.12.2006","1/1/2023","2023-01-01","0"
"405","MUNCANG","SODONGHILIR","DAPIL 7","KAB. TASIKMALAYA","JAWA BARAT","32.06.12.2007","1/1/2023","2023-01-01","0"
"406","PAKALONGAN","SODONGHILIR","DAPIL 7","KAB. TASIKMALAYA","JAWA BARAT","32.06.12.2011","1/1/2023","2023-01-01","0"
"407","PARUMASAN","SODONGHILIR","DAPIL 7","KAB. TASIKMALAYA","JAWA BARAT","32.06.12.2001","1/1/2023","2023-01-01","0"
"408","RAKSAJAYA","SODONGHILIR","DAPIL 7","KAB. TASIKMALAYA","JAWA BARAT","32.06.12.2010","1/1/2023","2023-01-01","0"
"409","SEPATNUNGGAL","SODONGHILIR","DAPIL 7","KAB. TASIKMALAYA","JAWA BARAT","32.06.12.2008","1/1/2023","2023-01-01","0"
"410","SODONGHILIR","SODONGHILIR","DAPIL 7","KAB. TASIKMALAYA","JAWA BARAT","32.06.12.2003","1/1/2023","2023-01-01","0"
"411","SUKABAKTI","SODONGHILIR","DAPIL 7","KAB. TASIKMALAYA","JAWA BARAT","32.06.12.2012","1/1/2023","2023-01-01","0"
"412","BANYUASIH","TARAJU","DAPIL 7","KAB. TASIKMALAYA","JAWA BARAT","32.06.13.2006","1/1/2023","2023-01-01","0"
"413","CIKUBANG","TARAJU","DAPIL 7","KAB. TASIKMALAYA","JAWA BARAT","32.06.13.2002","1/1/2023","2023-01-01","0"
"414","DEUDEUL","TARAJU","DAPIL 7","KAB. TASIKMALAYA","JAWA BARAT","32.06.13.2003","1/1/2023","2023-01-01","0"
"415","KERTARAHARJA","TARAJU","DAPIL 7","KAB. TASIKMALAYA","JAWA BARAT","32.06.13.2008","1/1/2023","2023-01-01","0"
"416","PAGERALAM","TARAJU","DAPIL 7","KAB. TASIKMALAYA","JAWA BARAT","32.06.13.2009","1/1/2023","2023-01-01","0"
"417","PURWARAHAYU","TARAJU","DAPIL 7","KAB. TASIKMALAYA","JAWA BARAT","32.06.13.2004","1/1/2023","2023-01-01","0"
"418","RAKSASARI","TARAJU","DAPIL 7","KAB. TASIKMALAYA","JAWA BARAT","32.06.13.2007","1/1/2023","2023-01-01","0"
"419","SINGASARI","TARAJU","DAPIL 7","KAB. TASIKMALAYA","JAWA BARAT","32.06.13.2005","1/1/2023","2023-01-01","0"
"420","TARAJU","TARAJU","DAPIL 7","KAB. TASIKMALAYA","JAWA BARAT","32.06.13.2001","1/1/2023","2023-01-01","0"
"421","BAGENDIT","BANYURESMI","DAPIL 1","KAB. GARUT","JAWA BARAT","32.05.06.2011","1/1/2023","2023-01-01","0"
"422","BANYURESMI","BANYURESMI","DAPIL 1","KAB. GARUT","JAWA BARAT","32.05.06.2001","1/1/2023","2023-01-01","0"
"423","BINAKARYA","BANYURESMI","DAPIL 1","KAB. GARUT","JAWA BARAT","32.05.06.2010","1/1/2023","2023-01-01","0"
"424","CIMAREME","BANYURESMI","DAPIL 1","KAB. GARUT","JAWA BARAT","32.05.06.2002","1/1/2023","2023-01-01","0"
"425","CIPICUNG","BANYURESMI","DAPIL 1","KAB. GARUT","JAWA BARAT","32.05.06.2006","1/1/2023","2023-01-01","0"
"426","DANGDEUR","BANYURESMI","DAPIL 1","KAB. GARUT","JAWA BARAT","32.05.06.2007","1/1/2023","2023-01-01","0"
"427","KARYAMUKTI","BANYURESMI","DAPIL 1","KAB. GARUT","JAWA BARAT","32.05.06.2012","1/1/2023","2023-01-01","0"
"428","KARYASARI","BANYURESMI","DAPIL 1","KAB. GARUT","JAWA BARAT","32.05.06.2013","1/1/2023","2023-01-01","0"
"429","PAMEKARSARI","BANYURESMI","DAPIL 1","KAB. GARUT","JAWA BARAT","32.05.06.2009","1/1/2023","2023-01-01","0"
"430","SUKAKARYA","BANYURESMI","DAPIL 1","KAB. GARUT","JAWA BARAT","32.05.06.2008","1/1/2023","2023-01-01","0"
"431","SUKALAKSANA","BANYURESMI","DAPIL 1","KAB. GARUT","JAWA BARAT","32.05.06.2015","1/1/2023","2023-01-01","0"
"432","SUKAMUKTI","BANYURESMI","DAPIL 1","KAB. GARUT","JAWA BARAT","32.05.06.2014","1/1/2023","2023-01-01","0"
"433","SUKARAJA","BANYURESMI","DAPIL 1","KAB. GARUT","JAWA BARAT","32.05.06.2005","1/1/2023","2023-01-01","0"
"434","SUKARATU","BANYURESMI","DAPIL 1","KAB. GARUT","JAWA BARAT","32.05.06.2003","1/1/2023","2023-01-01","0"
"435","SUKASENANG","BANYURESMI","DAPIL 1","KAB. GARUT","JAWA BARAT","32.05.06.2004","1/1/2023","2023-01-01","0"
"436","CIKEMBULAN","KADUNGORA","DAPIL 1","KAB. GARUT","JAWA BARAT","32.05.10.2003","1/1/2023","2023-01-01","0"
"437","CISAAT","KADUNGORA","DAPIL 1","KAB. GARUT","JAWA BARAT","32.05.10.2004","1/1/2023","2023-01-01","0"
"438","GANDAMEKAR","KADUNGORA","DAPIL 1","KAB. GARUT","JAWA BARAT","32.05.10.2002","1/1/2023","2023-01-01","0"
"439","HARUMANSARI","KADUNGORA","DAPIL 1","KAB. GARUT","JAWA BARAT","32.05.10.2009","1/1/2023","2023-01-01","0"
"440","HEGARSARI","KADUNGORA","DAPIL 1","KAB. GARUT","JAWA BARAT","32.05.10.2011","1/1/2023","2023-01-01","0"
"441","KADUNGORA","KADUNGORA","DAPIL 1","KAB. GARUT","JAWA BARAT","32.05.10.2001","1/1/2023","2023-01-01","0"
"442","KARANGMULYA","KADUNGORA","DAPIL 1","KAB. GARUT","JAWA BARAT","32.05.10.2008","1/1/2023","2023-01-01","0"
"443","KARANGTENGAH","KADUNGORA","DAPIL 1","KAB. GARUT","JAWA BARAT","32.05.10.2013","1/1/2023","2023-01-01","0"
"444","MANDALASARI","KADUNGORA","DAPIL 1","KAB. GARUT","JAWA BARAT","32.05.10.2005","1/1/2023","2023-01-01","0"
"445","MEKARBAKTI","KADUNGORA","DAPIL 1","KAB. GARUT","JAWA BARAT","32.05.10.2007","1/1/2023","2023-01-01","0"
"446","NEGLASARI","KADUNGORA","DAPIL 1","KAB. GARUT","JAWA BARAT","32.05.10.2012","1/1/2023","2023-01-01","0"
"447","RANCASALAK","KADUNGORA","DAPIL 1","KAB. GARUT","JAWA BARAT","32.05.10.2014","1/1/2023","2023-01-01","0"
"448","TALAGASARI","KADUNGORA","DAPIL 1","KAB. GARUT","JAWA BARAT","32.05.10.2010","1/1/2023","2023-01-01","0"
"449","TANGGULUN","KADUNGORA","DAPIL 1","KAB. GARUT","JAWA BARAT","32.05.10.2006","1/1/2023","2023-01-01","0"
"450","CANGKUANG","LELES","DAPIL 1","KAB. GARUT","JAWA BARAT","32.05.09.2006","1/1/2023","2023-01-01","0"
"451","CIBURIAL","LELES","DAPIL 1","KAB. GARUT","JAWA BARAT","32.05.09.2002","1/1/2023","2023-01-01","0"
"452","CIPANCAR","LELES","DAPIL 1","KAB. GARUT","JAWA BARAT","32.05.09.2010","1/1/2023","2023-01-01","0"
"453","DANO","LELES","DAPIL 1","KAB. GARUT","JAWA BARAT","32.05.09.2012","1/1/2023","2023-01-01","0"
"454","HARUMAN","LELES","DAPIL 1","KAB. GARUT","JAWA BARAT","32.05.09.2011","1/1/2023","2023-01-01","0"
"455","JANGKURANG","LELES","DAPIL 1","KAB. GARUT","JAWA BARAT","32.05.09.2003","1/1/2023","2023-01-01","0"
"456","KANDANGMUKTI","LELES","DAPIL 1","KAB. GARUT","JAWA BARAT","32.05.09.2008","1/1/2023","2023-01-01","0"
"457","LELES","LELES","DAPIL 1","KAB. GARUT","JAWA BARAT","32.05.09.2001","1/1/2023","2023-01-01","0"
"458","LEMBANG","LELES","DAPIL 1","KAB. GARUT","JAWA BARAT","32.05.09.2005","1/1/2023","2023-01-01","0"
"459","MARGALUYU","LELES","DAPIL 1","KAB. GARUT","JAWA BARAT","32.05.09.2009","1/1/2023","2023-01-01","0"
"460","SALAMNUNGGAL","LELES","DAPIL 1","KAB. GARUT","JAWA BARAT","32.05.09.2007","1/1/2023","2023-01-01","0"
"461","SUKARAME","LELES","DAPIL 1","KAB. GARUT","JAWA BARAT","32.05.09.2004","1/1/2023","2023-01-01","0"
"462","CIMANGANTEN","TAROGONG KALER","DAPIL 1","KAB. GARUT","JAWA BARAT","32.05.04.2002","1/1/2023","2023-01-01","0"
"463","JATI","TAROGONG KALER","DAPIL 1","KAB. GARUT","JAWA BARAT","32.05.04.2003","1/1/2023","2023-01-01","0"
"464","LANGENSARI","TAROGONG KALER","DAPIL 1","KAB. GARUT","JAWA BARAT","32.05.04.2009","1/1/2023","2023-01-01","0"
"465","MEKARJAYA","TAROGONG KALER","DAPIL 1","KAB. GARUT","JAWA BARAT","32.05.04.2008","1/1/2023","2023-01-01","0"
"466","MEKARWANGI","TAROGONG KALER","DAPIL 1","KAB. GARUT","JAWA BARAT","32.05.04.2010","1/1/2023","2023-01-01","0"
"467","PANANJUNG","TAROGONG KALER","DAPIL 1","KAB. GARUT","JAWA BARAT","32.05.04.1012","1/1/2023","2023-01-01","0"
"468","PANJIWANGI","TAROGONG KALER","DAPIL 1","KAB. GARUT","JAWA BARAT","32.05.04.2013","1/1/2023","2023-01-01","0"
"469","PASAWAHAN","TAROGONG KALER","DAPIL 1","KAB. GARUT","JAWA BARAT","32.05.04.2011","1/1/2023","2023-01-01","0"
"470","RANCABANGO","TAROGONG KALER","DAPIL 1","KAB. GARUT","JAWA BARAT","32.05.04.2004","1/1/2023","2023-01-01","0"
"471","SIRNAJAYA","TAROGONG KALER","DAPIL 1","KAB. GARUT","JAWA BARAT","32.05.04.2006","1/1/2023","2023-01-01","0"
"472","SUKAJADI","TAROGONG KALER","DAPIL 1","KAB. GARUT","JAWA BARAT","32.05.04.2001","1/1/2023","2023-01-01","0"
"473","SUKAWANGI","TAROGONG KALER","DAPIL 1","KAB. GARUT","JAWA BARAT","32.05.04.2005","1/1/2023","2023-01-01","0"
"474","TANJUNG KAMUNING","TAROGONG KALER","DAPIL 1","KAB. GARUT","JAWA BARAT","32.05.04.2007","1/1/2023","2023-01-01","0"
"475","CIBUNAR","TAROGONG KIDUL","DAPIL 1","KAB. GARUT","JAWA BARAT","32.05.05.2005","1/1/2023","2023-01-01","0"
"476","HAURPANGGUNG","TAROGONG KIDUL","DAPIL 1","KAB. GARUT","JAWA BARAT","32.05.05.2004","1/1/2023","2023-01-01","0"
"477","JAYARAGA","TAROGONG KIDUL","DAPIL 1","KAB. GARUT","JAWA BARAT","32.05.05.2003","1/1/2023","2023-01-01","0"
"478","JAYAWARAS","TAROGONG KIDUL","DAPIL 1","KAB. GARUT","JAWA BARAT","32.05.05.1006","1/1/2023","2023-01-01","0"
"479","KERSAMENAK","TAROGONG KIDUL","DAPIL 1","KAB. GARUT","JAWA BARAT","32.05.05.2011","1/1/2023","2023-01-01","0"
"480","MEKARGALIH","TAROGONG KIDUL","DAPIL 1","KAB. GARUT","JAWA BARAT","32.05.05.2010","1/1/2023","2023-01-01","0"
"481","PATARUMAN","TAROGONG KIDUL","DAPIL 1","KAB. GARUT","JAWA BARAT","32.05.05.1001","1/1/2023","2023-01-01","0"
"482","SUKABAKTI","TAROGONG KIDUL","DAPIL 1","KAB. GARUT","JAWA BARAT","32.05.05.2007","1/1/2023","2023-01-01","0"
"483","SUKAGALIH","TAROGONG KIDUL","DAPIL 1","KAB. GARUT","JAWA BARAT","32.05.05.1002","1/1/2023","2023-01-01","0"
"484","SUKAJAYA","TAROGONG KIDUL","DAPIL 1","KAB. GARUT","JAWA BARAT","32.05.05.1012","1/1/2023","2023-01-01","0"
"485","SUKAKARYA","TAROGONG KIDUL","DAPIL 1","KAB. GARUT","JAWA BARAT","32.05.05.1009","1/1/2023","2023-01-01","0"
"486","TAROGONG","TAROGONG KIDUL","DAPIL 1","KAB. GARUT","JAWA BARAT","32.05.05.2008","1/1/2023","2023-01-01","0"
"487","CIGAGADE","BL. LIMBANGAN","DAPIL 2","KAB. GARUT","JAWA BARAT","32.05.38.2011","1/1/2023","2023-01-01","0"
"488","CIJOLANG","BL. LIMBANGAN","DAPIL 2","KAB. GARUT","JAWA BARAT","32.05.38.2005","1/1/2023","2023-01-01","0"
"489","CIWANGI","BL. LIMBANGAN","DAPIL 2","KAB. GARUT","JAWA BARAT","32.05.38.2010","1/1/2023","2023-01-01","0"
"490","DUNGUSWIRU","BL. LIMBANGAN","DAPIL 2","KAB. GARUT","JAWA BARAT","32.05.38.2013","1/1/2023","2023-01-01","0"
"491","GALIHPAKUWON","BL. LIMBANGAN","DAPIL 2","KAB. GARUT","JAWA BARAT","32.05.38.2003","1/1/2023","2023-01-01","0"
"492","LIMBANGAN BARAT","BL. LIMBANGAN","DAPIL 2","KAB. GARUT","JAWA BARAT","32.05.38.2002","1/1/2023","2023-01-01","0"
"493","LIMBANGAN TENGAH","BL. LIMBANGAN","DAPIL 2","KAB. GARUT","JAWA BARAT","32.05.38.2001","1/1/2023","2023-01-01","0"
"494","LIMBANGAN TIMUR","BL. LIMBANGAN","DAPIL 2","KAB. GARUT","JAWA BARAT","32.05.38.2012","1/1/2023","2023-01-01","0"
"495","NEGLASARI","BL. LIMBANGAN","DAPIL 2","KAB. GARUT","JAWA BARAT","32.05.38.2006","1/1/2023","2023-01-01","0"
"496","PANGEUREUNAN","BL. LIMBANGAN","DAPIL 2","KAB. GARUT","JAWA BARAT","32.05.38.2014","1/1/2023","2023-01-01","0"
"497","PASIRWARU","BL. LIMBANGAN","DAPIL 2","KAB. GARUT","JAWA BARAT","32.05.38.2008","1/1/2023","2023-01-01","0"
"498","SIMPEN KALER","BL. LIMBANGAN","DAPIL 2","KAB. GARUT","JAWA BARAT","32.05.38.2007","1/1/2023","2023-01-01","0"
"499","SIMPEN KIDUL","BL. LIMBANGAN","DAPIL 2","KAB. GARUT","JAWA BARAT","32.05.38.2009","1/1/2023","2023-01-01","0"
"500","SURABAYA","BL. LIMBANGAN","DAPIL 2","KAB. GARUT","JAWA BARAT","32.05.38.2004","1/1/2023","2023-01-01","0"
"501","CIBATU","CIBATU","DAPIL 2","KAB. GARUT","JAWA BARAT","32.05.12.2001","1/1/2023","2023-01-01","0"
"502","CIBUNAR","CIBATU","DAPIL 2","KAB. GARUT","JAWA BARAT","32.05.12.2003","1/1/2023","2023-01-01","0"
"503","GIRIMUKTI","CIBATU","DAPIL 2","KAB. GARUT","JAWA BARAT","32.05.12.2009","1/1/2023","2023-01-01","0"
"504","KARYAMUKTI","CIBATU","DAPIL 2","KAB. GARUT","JAWA BARAT","32.05.12.2008","1/1/2023","2023-01-01","0"
"505","KERESEK","CIBATU","DAPIL 2","KAB. GARUT","JAWA BARAT","32.05.12.2010","1/1/2023","2023-01-01","0"
"506","KERTAJAYA","CIBATU","DAPIL 2","KAB. GARUT","JAWA BARAT","32.05.12.2005","1/1/2023","2023-01-01","0"
"507","MEKARSARI","CIBATU","DAPIL 2","KAB. GARUT","JAWA BARAT","32.05.12.2002","1/1/2023","2023-01-01","0"
"508","PADASUKA","CIBATU","DAPIL 2","KAB. GARUT","JAWA BARAT","32.05.12.2007","1/1/2023","2023-01-01","0"
"509","SINDANGSUKA","CIBATU","DAPIL 2","KAB. GARUT","JAWA BARAT","32.05.12.2004","1/1/2023","2023-01-01","0"
"510","SUKALILAH","CIBATU","DAPIL 2","KAB. GARUT","JAWA BARAT","32.05.12.2006","1/1/2023","2023-01-01","0"
"511","WANAKERTA","CIBATU","DAPIL 2","KAB. GARUT","JAWA BARAT","32.05.12.2011","1/1/2023","2023-01-01","0"
"512","CIBIUK KALER","CIBIUK","DAPIL 2","KAB. GARUT","JAWA BARAT","32.05.40.2002","1/1/2023","2023-01-01","0"
"513","CIBIUK KIDUL","CIBIUK","DAPIL 2","KAB. GARUT","JAWA BARAT","32.05.40.2003","1/1/2023","2023-01-01","0"
"514","CIPAREUAN","CIBIUK","DAPIL 2","KAB. GARUT","JAWA BARAT","32.05.40.2001","1/1/2023","2023-01-01","0"
"515","LINGKUNGPASIR","CIBIUK","DAPIL 2","KAB. GARUT","JAWA BARAT","32.05.40.2005","1/1/2023","2023-01-01","0"
"516","MAJASARI","CIBIUK","DAPIL 2","KAB. GARUT","JAWA BARAT","32.05.40.2004","1/1/2023","2023-01-01","0"
"517","GIRIJAYA","KERSAMANAH","DAPIL 2","KAB. GARUT","JAWA BARAT","32.05.13.2004","1/1/2023","2023-01-01","0"
"518","KERSAMANAH","KERSAMANAH","DAPIL 2","KAB. GARUT","JAWA BARAT","32.05.13.2001","1/1/2023","2023-01-01","0"
"519","MEKARRAYA","KERSAMANAH","DAPIL 2","KAB. GARUT","JAWA BARAT","32.05.13.2006","1/1/2023","2023-01-01","0"
"520","NANJUNGJAYA","KERSAMANAH","DAPIL 2","KAB. GARUT","JAWA BARAT","32.05.13.2002","1/1/2023","2023-01-01","0"
"521","SUKAMAJU","KERSAMANAH","DAPIL 2","KAB. GARUT","JAWA BARAT","32.05.13.2005","1/1/2023","2023-01-01","0"
"522","SUKAMERANG","KERSAMANAH","DAPIL 2","KAB. GARUT","JAWA BARAT","32.05.13.2003","1/1/2023","2023-01-01","0"
"523","DUNGUSIKU","LEUWIGOONG","DAPIL 2","KAB. GARUT","JAWA BARAT","32.05.11.2005","1/1/2023","2023-01-01","0"
"524","KARANGANYAR","LEUWIGOONG","DAPIL 2","KAB. GARUT","JAWA BARAT","32.05.11.2002","1/1/2023","2023-01-01","0"
"525","KARANGSARI","LEUWIGOONG","DAPIL 2","KAB. GARUT","JAWA BARAT","32.05.11.2008","1/1/2023","2023-01-01","0"
"526","LEUWIGOONG","LEUWIGOONG","DAPIL 2","KAB. GARUT","JAWA BARAT","32.05.11.2001","1/1/2023","2023-01-01","0"
"527","MARGACINTA","LEUWIGOONG","DAPIL 2","KAB. GARUT","JAWA BARAT","32.05.11.2003","1/1/2023","2023-01-01","0"
"528","MARGAHAYU","LEUWIGOONG","DAPIL 2","KAB. GARUT","JAWA BARAT","32.05.11.2004","1/1/2023","2023-01-01","0"
"529","SINDANGSARI","LEUWIGOONG","DAPIL 2","KAB. GARUT","JAWA BARAT","32.05.11.2007","1/1/2023","2023-01-01","0"
"530","TAMBAK SARI","LEUWIGOONG","DAPIL 2","KAB. GARUT","JAWA BARAT","32.05.11.2006","1/1/2023","2023-01-01","0"
"531","BARU DUA","MALANGBONG","DAPIL 2","KAB. GARUT","JAWA BARAT","32.05.14.2020","1/1/2023","2023-01-01","0"
"532","BUNISARI","MALANGBONG","DAPIL 2","KAB. GARUT","JAWA BARAT","32.05.14.2022","1/1/2023","2023-01-01","0"
"533","CAMPAKA","MALANGBONG","DAPIL 2","KAB. GARUT","JAWA BARAT","32.05.14.2008","1/1/2023","2023-01-01","0"
"534","CIBUNAR","MALANGBONG","DAPIL 2","KAB. GARUT","JAWA BARAT","32.05.14.2003","1/1/2023","2023-01-01","0"
"535","CIHAURKUNING","MALANGBONG","DAPIL 2","KAB. GARUT","JAWA BARAT","32.05.14.2019","1/1/2023","2023-01-01","0"
"536","CIKARANG","MALANGBONG","DAPIL 2","KAB. GARUT","JAWA BARAT","32.05.14.2004","1/1/2023","2023-01-01","0"
"537","CILAMPUYANG","MALANGBONG","DAPIL 2","KAB. GARUT","JAWA BARAT","32.05.14.2011","1/1/2023","2023-01-01","0"
"538","CINAGARA","MALANGBONG","DAPIL 2","KAB. GARUT","JAWA BARAT","32.05.14.2012","1/1/2023","2023-01-01","0"
"539","CISITU","MALANGBONG","DAPIL 2","KAB. GARUT","JAWA BARAT","32.05.14.2007","1/1/2023","2023-01-01","0"
"540","CITERAS","MALANGBONG","DAPIL 2","KAB. GARUT","JAWA BARAT","32.05.14.2014","1/1/2023","2023-01-01","0"
"541","GIRIMAKMUR","MALANGBONG","DAPIL 2","KAB. GARUT","JAWA BARAT","32.05.14.2024","1/1/2023","2023-01-01","0"
"542","KARANGMULYA","MALANGBONG","DAPIL 2","KAB. GARUT","JAWA BARAT","32.05.14.2002","1/1/2023","2023-01-01","0"
"543","KUTANAGARA","MALANGBONG","DAPIL 2","KAB. GARUT","JAWA BARAT","32.05.14.2017","1/1/2023","2023-01-01","0"
"544","LEWOBARU","MALANGBONG","DAPIL 2","KAB. GARUT","JAWA BARAT","32.05.14.2009","1/1/2023","2023-01-01","0"
"545","MALANGBONG","MALANGBONG","DAPIL 2","KAB. GARUT","JAWA BARAT","32.05.14.2001","1/1/2023","2023-01-01","0"
"546","MEKARASIH","MALANGBONG","DAPIL 2","KAB. GARUT","JAWA BARAT","32.05.14.2006","1/1/2023","2023-01-01","0"
"547","MEKARMULYA","MALANGBONG","DAPIL 2","KAB. GARUT","JAWA BARAT","32.05.14.2023","1/1/2023","2023-01-01","0"
"548","SAKAWAYANG","MALANGBONG","DAPIL 2","KAB. GARUT","JAWA BARAT","32.05.14.2005","1/1/2023","2023-01-01","0"
"549","SANDING","MALANGBONG","DAPIL 2","KAB. GARUT","JAWA BARAT","32.05.14.2018","1/1/2023","2023-01-01","0"
"550","SEKARWANGI","MALANGBONG","DAPIL 2","KAB. GARUT","JAWA BARAT","32.05.14.2016","1/1/2023","2023-01-01","0"
"551","SUKAJAYA","MALANGBONG","DAPIL 2","KAB. GARUT","JAWA BARAT","32.05.14.2021","1/1/2023","2023-01-01","0"
"552","SUKAMANAH","MALANGBONG","DAPIL 2","KAB. GARUT","JAWA BARAT","32.05.14.2010","1/1/2023","2023-01-01","0"
"553","SUKARASA","MALANGBONG","DAPIL 2","KAB. GARUT","JAWA BARAT","32.05.14.2015","1/1/2023","2023-01-01","0"
"554","SUKARATU","MALANGBONG","DAPIL 2","KAB. GARUT","JAWA BARAT","32.05.14.2013","1/1/2023","2023-01-01","0"
"555","CIGAWIR","SELAAWI","DAPIL 2","KAB. GARUT","JAWA BARAT","32.05.39.2003","1/1/2023","2023-01-01","0"
"556","CIRAPUHAN","SELAAWI","DAPIL 2","KAB. GARUT","JAWA BARAT","32.05.39.2005","1/1/2023","2023-01-01","0"
"557","MEKARSARI","SELAAWI","DAPIL 2","KAB. GARUT","JAWA BARAT","32.05.39.2006","1/1/2023","2023-01-01","0"
"558","PELITAASIH","SELAAWI","DAPIL 2","KAB. GARUT","JAWA BARAT","32.05.39.2004","1/1/2023","2023-01-01","0"
"559","PUTRAJAWA","SELAAWI","DAPIL 2","KAB. GARUT","JAWA BARAT","32.05.39.2002","1/1/2023","2023-01-01","0"
"560","SAMIDA","SELAAWI","DAPIL 2","KAB. GARUT","JAWA BARAT","32.05.39.2007","1/1/2023","2023-01-01","0"
"561","SELAAWI","SELAAWI","DAPIL 2","KAB. GARUT","JAWA BARAT","32.05.39.2001","1/1/2023","2023-01-01","0"
"562","CIMUNCANG","GARUT KOTA","DAPIL 3","KAB. GARUT","JAWA BARAT","32.05.01.1011","1/1/2023","2023-01-01","0"
"563","CIWALEN","GARUT KOTA","DAPIL 3","KAB. GARUT","JAWA BARAT","32.05.01.1007","1/1/2023","2023-01-01","0"
"564","KOTA KULON","GARUT KOTA","DAPIL 3","KAB. GARUT","JAWA BARAT","32.05.01.1001","1/1/2023","2023-01-01","0"
"565","KOTA WETAN","GARUT KOTA","DAPIL 3","KAB. GARUT","JAWA BARAT","32.05.01.1002","1/1/2023","2023-01-01","0"
"566","MARGAWATI","GARUT KOTA","DAPIL 3","KAB. GARUT","JAWA BARAT","32.05.01.1003","1/1/2023","2023-01-01","0"
"567","MUARA SANDING","GARUT KOTA","DAPIL 3","KAB. GARUT","JAWA BARAT","32.05.01.1005","1/1/2023","2023-01-01","0"
"568","PAKUWON","GARUT KOTA","DAPIL 3","KAB. GARUT","JAWA BARAT","32.05.01.1004","1/1/2023","2023-01-01","0"
"569","PAMINGGIR","GARUT KOTA","DAPIL 3","KAB. GARUT","JAWA BARAT","32.05.01.1008","1/1/2023","2023-01-01","0"
"570","REGOL","GARUT KOTA","DAPIL 3","KAB. GARUT","JAWA BARAT","32.05.01.1009","1/1/2023","2023-01-01","0"
"571","SUKAMENTRI","GARUT KOTA","DAPIL 3","KAB. GARUT","JAWA BARAT","32.05.01.1006","1/1/2023","2023-01-01","0"
"572","SUKANEGLA","GARUT KOTA","DAPIL 3","KAB. GARUT","JAWA BARAT","32.05.01.1010","1/1/2023","2023-01-01","0"
"573","CIMURAH","KARANGPAWITAN","DAPIL 3","KAB. GARUT","JAWA BARAT","32.05.02.2006","1/1/2023","2023-01-01","0"
"574","GODOG","KARANGPAWITAN","DAPIL 3","KAB. GARUT","JAWA BARAT","32.05.02.2009","1/1/2023","2023-01-01","0"
"575","JATISARI","KARANGPAWITAN","DAPIL 3","KAB. GARUT","JAWA BARAT","32.05.02.2008","1/1/2023","2023-01-01","0"
"576","KARANGMULYA","KARANGPAWITAN","DAPIL 3","KAB. GARUT","JAWA BARAT","32.05.02.1003","1/1/2023","2023-01-01","0"
"577","KARANGPAWITAN","KARANGPAWITAN","DAPIL 3","KAB. GARUT","JAWA BARAT","32.05.02.2004","1/1/2023","2023-01-01","0"
"578","KARANGSARI","KARANGPAWITAN","DAPIL 3","KAB. GARUT","JAWA BARAT","32.05.02.2011","1/1/2023","2023-01-01","0"
"579","LEBAKAGUNG","KARANGPAWITAN","DAPIL 3","KAB. GARUT","JAWA BARAT","32.05.02.2013","1/1/2023","2023-01-01","0"
"580","LEBAKJAYA","KARANGPAWITAN","DAPIL 3","KAB. GARUT","JAWA BARAT","32.05.02.1002","1/1/2023","2023-01-01","0"
"581","LENGKONGJAYA","KARANGPAWITAN","DAPIL 3","KAB. GARUT","JAWA BARAT","32.05.02.2014","1/1/2023","2023-01-01","0"
"582","MEKARSARI","KARANGPAWITAN","DAPIL 3","KAB. GARUT","JAWA BARAT","32.05.02.2016","1/1/2023","2023-01-01","0"
"583","SINDANGGALIH","KARANGPAWITAN","DAPIL 3","KAB. GARUT","JAWA BARAT","32.05.02.2015","1/1/2023","2023-01-01","0"
"584","SINDANGLAYA","KARANGPAWITAN","DAPIL 3","KAB. GARUT","JAWA BARAT","32.05.02.2017","1/1/2023","2023-01-01","0"
"585","SINDANGPALAY","KARANGPAWITAN","DAPIL 3","KAB. GARUT","JAWA BARAT","32.05.02.2012","1/1/2023","2023-01-01","0"
"586","SITUGEDE","KARANGPAWITAN","DAPIL 3","KAB. GARUT","JAWA BARAT","32.05.02.2005","1/1/2023","2023-01-01","0"
"587","SITUJAYA","KARANGPAWITAN","DAPIL 3","KAB. GARUT","JAWA BARAT","32.05.02.2020","1/1/2023","2023-01-01","0"
"588","SITUSAEUR","KARANGPAWITAN","DAPIL 3","KAB. GARUT","JAWA BARAT","32.05.02.2019","1/1/2023","2023-01-01","0"
"589","SITUSARI","KARANGPAWITAN","DAPIL 3","KAB. GARUT","JAWA BARAT","32.05.02.2010","1/1/2023","2023-01-01","0"
"590","SUCI","KARANGPAWITAN","DAPIL 3","KAB. GARUT","JAWA BARAT","32.05.02.2007","1/1/2023","2023-01-01","0"
"591","SUCI KALER","KARANGPAWITAN","DAPIL 3","KAB. GARUT","JAWA BARAT","32.05.02.1001","1/1/2023","2023-01-01","0"
"592","TANJUNGSARI","KARANGPAWITAN","DAPIL 3","KAB. GARUT","JAWA BARAT","32.05.02.2018","1/1/2023","2023-01-01","0"
"593","CARINGIN","KARANGTENGAH","DAPIL 3","KAB. GARUT","JAWA BARAT","32.05.16.2001","1/1/2023","2023-01-01","0"
"594","CINTA","KARANGTENGAH","DAPIL 3","KAB. GARUT","JAWA BARAT","32.05.16.2003","1/1/2023","2023-01-01","0"
"595","CINTAMANIK","KARANGTENGAH","DAPIL 3","KAB. GARUT","JAWA BARAT","32.05.16.2002","1/1/2023","2023-01-01","0"
"596","SINDANGGALIH","KARANGTENGAH","DAPIL 3","KAB. GARUT","JAWA BARAT","32.05.16.2004","1/1/2023","2023-01-01","0"
"597","BABAKANLOA","PANGATIKAN","DAPIL 3","KAB. GARUT","JAWA BARAT","32.05.41.2003","1/1/2023","2023-01-01","0"
"598","CIHUNI","PANGATIKAN","DAPIL 3","KAB. GARUT","JAWA BARAT","32.05.41.2006","1/1/2023","2023-01-01","0"
"599","CIMARAGAS","PANGATIKAN","DAPIL 3","KAB. GARUT","JAWA BARAT","32.05.41.2002","1/1/2023","2023-01-01","0"
"600","CITANGTU","PANGATIKAN","DAPIL 3","KAB. GARUT","JAWA BARAT","32.05.41.2001","1/1/2023","2023-01-01","0"
"601","KARANGSARI","PANGATIKAN","DAPIL 3","KAB. GARUT","JAWA BARAT","32.05.41.2008","1/1/2023","2023-01-01","0"
"602","SUKAHURIP","PANGATIKAN","DAPIL 3","KAB. GARUT","JAWA BARAT","32.05.41.2004","1/1/2023","2023-01-01","0"
"603","SUKAMULYA","PANGATIKAN","DAPIL 3","KAB. GARUT","JAWA BARAT","32.05.41.2005","1/1/2023","2023-01-01","0"
"604","SUKARASA","PANGATIKAN","DAPIL 3","KAB. GARUT","JAWA BARAT","32.05.41.2007","1/1/2023","2023-01-01","0"
"605","CIGADOG","SUCINARAJA","DAPIL 3","KAB. GARUT","JAWA BARAT","32.05.42.2005","1/1/2023","2023-01-01","0"
"606","LINGGAMUKTI","SUCINARAJA","DAPIL 3","KAB. GARUT","JAWA BARAT","32.05.42.2006","1/1/2023","2023-01-01","0"
"607","SADANG","SUCINARAJA","DAPIL 3","KAB. GARUT","JAWA BARAT","32.05.42.2001","1/1/2023","2023-01-01","0"
"608","SUKALAKSANA","SUCINARAJA","DAPIL 3","KAB. GARUT","JAWA BARAT","32.05.42.2007","1/1/2023","2023-01-01","0"
"609","SUKARATU","SUCINARAJA","DAPIL 3","KAB. GARUT","JAWA BARAT","32.05.42.2002","1/1/2023","2023-01-01","0"
"610","TEGALPANJANG","SUCINARAJA","DAPIL 3","KAB. GARUT","JAWA BARAT","32.05.42.2004","1/1/2023","2023-01-01","0"
"611","TENJONAGARA","SUCINARAJA","DAPIL 3","KAB. GARUT","JAWA BARAT","32.05.42.2003","1/1/2023","2023-01-01","0"
"612","MARIPARI","SUKAWENING","DAPIL 3","KAB. GARUT","JAWA BARAT","32.05.15.2009","1/1/2023","2023-01-01","0"
"613","MEKAR HURIP","SUKAWENING","DAPIL 3","KAB. GARUT","JAWA BARAT","32.05.15.2011","1/1/2023","2023-01-01","0"
"614","MEKARLUYU","SUKAWENING","DAPIL 3","KAB. GARUT","JAWA BARAT","32.05.15.2003","1/1/2023","2023-01-01","0"
"615","MEKARWANGI","SUKAWENING","DAPIL 3","KAB. GARUT","JAWA BARAT","32.05.15.2010","1/1/2023","2023-01-01","0"
"616","PASANGGRAHAN","SUKAWENING","DAPIL 3","KAB. GARUT","JAWA BARAT","32.05.15.2008","1/1/2023","2023-01-01","0"
"617","SUDALARANG","SUKAWENING","DAPIL 3","KAB. GARUT","JAWA BARAT","32.05.15.2005","1/1/2023","2023-01-01","0"
"618","SUKAHAJI","SUKAWENING","DAPIL 3","KAB. GARUT","JAWA BARAT","32.05.15.2007","1/1/2023","2023-01-01","0"
"619","SUKALUYU","SUKAWENING","DAPIL 3","KAB. GARUT","JAWA BARAT","32.05.15.2004","1/1/2023","2023-01-01","0"
"620","SUKAMUKTI","SUKAWENING","DAPIL 3","KAB. GARUT","JAWA BARAT","32.05.15.2002","1/1/2023","2023-01-01","0"
"621","SUKASONO","SUKAWENING","DAPIL 3","KAB. GARUT","JAWA BARAT","32.05.15.2006","1/1/2023","2023-01-01","0"
"622","SUKAWENING","SUKAWENING","DAPIL 3","KAB. GARUT","JAWA BARAT","32.05.15.2001","1/1/2023","2023-01-01","0"
"623","CINUNUK","WANARAJA","DAPIL 3","KAB. GARUT","JAWA BARAT","32.05.03.2003","1/1/2023","2023-01-01","0"
"624","SINDANGMEKAR","WANARAJA","DAPIL 3","KAB. GARUT","JAWA BARAT","32.05.03.2015","1/1/2023","2023-01-01","0"
"625","SINDANGPRABU","WANARAJA","DAPIL 3","KAB. GARUT","JAWA BARAT","32.05.03.2024","1/1/2023","2023-01-01","0"
"626","SINDANGRATU","WANARAJA","DAPIL 3","KAB. GARUT","JAWA BARAT","32.05.03.2008","1/1/2023","2023-01-01","0"
"627","SUKAMENAK","WANARAJA","DAPIL 3","KAB. GARUT","JAWA BARAT","32.05.03.2007","1/1/2023","2023-01-01","0"
"628","WANAJAYA","WANARAJA","DAPIL 3","KAB. GARUT","JAWA BARAT","32.05.03.2011","1/1/2023","2023-01-01","0"
"629","WANAMEKAR","WANARAJA","DAPIL 3","KAB. GARUT","JAWA BARAT","32.05.03.2002","1/1/2023","2023-01-01","0"
"630","WANARAJA","WANARAJA","DAPIL 3","KAB. GARUT","JAWA BARAT","32.05.03.2001","1/1/2023","2023-01-01","0"
"631","WANASARI","WANARAJA","DAPIL 3","KAB. GARUT","JAWA BARAT","32.05.03.2019","1/1/2023","2023-01-01","0"
"632","BANJARSARI","BAYONGBONG","DAPIL 4","KAB. GARUT","JAWA BARAT","32.05.17.2012","1/1/2023","2023-01-01","0"
"633","BAYONGBONG","BAYONGBONG","DAPIL 4","KAB. GARUT","JAWA BARAT","32.05.17.2001","1/1/2023","2023-01-01","0"
"634","CIBURUY","BAYONGBONG","DAPIL 4","KAB. GARUT","JAWA BARAT","32.05.17.2009","1/1/2023","2023-01-01","0"
"635","CIELA","BAYONGBONG","DAPIL 4","KAB. GARUT","JAWA BARAT","32.05.17.2010","1/1/2023","2023-01-01","0"
"636","CIKEDOKAN","BAYONGBONG","DAPIL 4","KAB. GARUT","JAWA BARAT","32.05.17.2011","1/1/2023","2023-01-01","0"
"637","CINISTI","BAYONGBONG","DAPIL 4","KAB. GARUT","JAWA BARAT","32.05.17.2017","1/1/2023","2023-01-01","0"
"638","HEGARMANAH","BAYONGBONG","DAPIL 4","KAB. GARUT","JAWA BARAT","32.05.17.2003","1/1/2023","2023-01-01","0"
"639","KARYAJAYA","BAYONGBONG","DAPIL 4","KAB. GARUT","JAWA BARAT","32.05.17.2005","1/1/2023","2023-01-01","0"
"640","MEKARJAYA","BAYONGBONG","DAPIL 4","KAB. GARUT","JAWA BARAT","32.05.17.2014","1/1/2023","2023-01-01","0"
"641","MEKARSARI","BAYONGBONG","DAPIL 4","KAB. GARUT","JAWA BARAT","32.05.17.2008","1/1/2023","2023-01-01","0"
"642","MULYASARI","BAYONGBONG","DAPIL 4","KAB. GARUT","JAWA BARAT","32.05.17.2006","1/1/2023","2023-01-01","0"
"643","PAMALAYAN","BAYONGBONG","DAPIL 4","KAB. GARUT","JAWA BARAT","32.05.17.2007","1/1/2023","2023-01-01","0"
"644","PANEMBONG","BAYONGBONG","DAPIL 4","KAB. GARUT","JAWA BARAT","32.05.17.2002","1/1/2023","2023-01-01","0"
"645","SELAKURAY","BAYONGBONG","DAPIL 4","KAB. GARUT","JAWA BARAT","32.05.17.2004","1/1/2023","2023-01-01","0"
"646","SIRNAGALIH","BAYONGBONG","DAPIL 4","KAB. GARUT","JAWA BARAT","32.05.17.2015","1/1/2023","2023-01-01","0"
"647","SUKAMANAH","BAYONGBONG","DAPIL 4","KAB. GARUT","JAWA BARAT","32.05.17.2018","1/1/2023","2023-01-01","0"
"648","SUKARAME","BAYONGBONG","DAPIL 4","KAB. GARUT","JAWA BARAT","32.05.17.2016","1/1/2023","2023-01-01","0"
"649","SUKASENANG","BAYONGBONG","DAPIL 4","KAB. GARUT","JAWA BARAT","32.05.17.2013","1/1/2023","2023-01-01","0"
"650","BARUSUDA","CIGEDUG","DAPIL 4","KAB. GARUT","JAWA BARAT","32.05.18.2002","1/1/2023","2023-01-01","0"
"651","CIGEDUG","CIGEDUG","DAPIL 4","KAB. GARUT","JAWA BARAT","32.05.18.2001","1/1/2023","2023-01-01","0"
"652","CINTANAGARA","CIGEDUG","DAPIL 4","KAB. GARUT","JAWA BARAT","32.05.18.2005","1/1/2023","2023-01-01","0"
"653","SINDANGSARI","CIGEDUG","DAPIL 4","KAB. GARUT","JAWA BARAT","32.05.18.2004","1/1/2023","2023-01-01","0"
"654","SUKAHURIP","CIGEDUG","DAPIL 4","KAB. GARUT","JAWA BARAT","32.05.18.2003","1/1/2023","2023-01-01","0"
"655","CILAWU","CILAWU","DAPIL 4","KAB. GARUT","JAWA BARAT","32.05.19.2001","1/1/2023","2023-01-01","0"
"656","DANGIANG","CILAWU","DAPIL 4","KAB. GARUT","JAWA BARAT","32.05.19.2012","1/1/2023","2023-01-01","0"
"657","DAWUNGSARI","CILAWU","DAPIL 4","KAB. GARUT","JAWA BARAT","32.05.19.2004","1/1/2023","2023-01-01","0"
"658","DAYEUHMANGGUNG","CILAWU","DAPIL 4","KAB. GARUT","JAWA BARAT","32.05.19.2013","1/1/2023","2023-01-01","0"
"659","DESAKOLOT","CILAWU","DAPIL 4","KAB. GARUT","JAWA BARAT","32.05.19.2009","1/1/2023","2023-01-01","0"
"660","KARYAMEKAR","CILAWU","DAPIL 4","KAB. GARUT","JAWA BARAT","32.05.19.2003","1/1/2023","2023-01-01","0"
"661","MANGKURAKYAT","CILAWU","DAPIL 4","KAB. GARUT","JAWA BARAT","32.05.19.2015","1/1/2023","2023-01-01","0"
"662","MARGALAKSANA","CILAWU","DAPIL 4","KAB. GARUT","JAWA BARAT","32.05.19.2011","1/1/2023","2023-01-01","0"
"663","MEKARMUKTI","CILAWU","DAPIL 4","KAB. GARUT","JAWA BARAT","32.05.19.2008","1/1/2023","2023-01-01","0"
"664","MEKARSARI","CILAWU","DAPIL 4","KAB. GARUT","JAWA BARAT","32.05.19.2007","1/1/2023","2023-01-01","0"
"665","NGAMPLANG","CILAWU","DAPIL 4","KAB. GARUT","JAWA BARAT","32.05.19.2016","1/1/2023","2023-01-01","0"
"666","NGAMPLANGSARI","CILAWU","DAPIL 4","KAB. GARUT","JAWA BARAT","32.05.19.2010","1/1/2023","2023-01-01","0"
"667","PASANGGRAHAN","CILAWU","DAPIL 4","KAB. GARUT","JAWA BARAT","32.05.19.2005","1/1/2023","2023-01-01","0"
"668","SUKAHATI","CILAWU","DAPIL 4","KAB. GARUT","JAWA BARAT","32.05.19.2006","1/1/2023","2023-01-01","0"
"669","SUKAMAJU","CILAWU","DAPIL 4","KAB. GARUT","JAWA BARAT","32.05.19.2014","1/1/2023","2023-01-01","0"
"670","SUKAMUKTI","CILAWU","DAPIL 4","KAB. GARUT","JAWA BARAT","32.05.19.2002","1/1/2023","2023-01-01","0"
"671","SUKAMURNI","CILAWU","DAPIL 4","KAB. GARUT","JAWA BARAT","32.05.19.2018","1/1/2023","2023-01-01","0"
"672","SUKATANI","CILAWU","DAPIL 4","KAB. GARUT","JAWA BARAT","32.05.19.2017","1/1/2023","2023-01-01","0"
"673","BARUSARI","PASIRWANGI","DAPIL 4","KAB. GARUT","JAWA BARAT","32.05.08.2007","1/1/2023","2023-01-01","0"
"674","KARYAMEKAR","PASIRWANGI","DAPIL 4","KAB. GARUT","JAWA BARAT","32.05.08.2004","1/1/2023","2023-01-01","0"
"675","PADAASIH","PASIRWANGI","DAPIL 4","KAB. GARUT","JAWA BARAT","32.05.08.2006","1/1/2023","2023-01-01","0"
"676","PADAAWAS","PASIRWANGI","DAPIL 4","KAB. GARUT","JAWA BARAT","32.05.08.2005","1/1/2023","2023-01-01","0"
"677","PADAMUKTI","PASIRWANGI","DAPIL 4","KAB. GARUT","JAWA BARAT","32.05.08.2009","1/1/2023","2023-01-01","0"
"678","PADAMULYA","PASIRWANGI","DAPIL 4","KAB. GARUT","JAWA BARAT","32.05.08.2012","1/1/2023","2023-01-01","0"
"679","PADASUKA","PASIRWANGI","DAPIL 4","KAB. GARUT","JAWA BARAT","32.05.08.2003","1/1/2023","2023-01-01","0"
"680","PASIRKIAMIS","PASIRWANGI","DAPIL 4","KAB. GARUT","JAWA BARAT","32.05.08.2002","1/1/2023","2023-01-01","0"
"681","PASIRWANGI","PASIRWANGI","DAPIL 4","KAB. GARUT","JAWA BARAT","32.05.08.2001","1/1/2023","2023-01-01","0"
"682","SARIMUKTI","PASIRWANGI","DAPIL 4","KAB. GARUT","JAWA BARAT","32.05.08.2011","1/1/2023","2023-01-01","0"
"683","SINARJAYA","PASIRWANGI","DAPIL 4","KAB. GARUT","JAWA BARAT","32.05.08.2010","1/1/2023","2023-01-01","0"
"684","TALAGA","PASIRWANGI","DAPIL 4","KAB. GARUT","JAWA BARAT","32.05.08.2008","1/1/2023","2023-01-01","0"
"685","CINTAASIH","SAMARANG","DAPIL 4","KAB. GARUT","JAWA BARAT","32.05.07.2010","1/1/2023","2023-01-01","0"
"686","CINTAKARYA","SAMARANG","DAPIL 4","KAB. GARUT","JAWA BARAT","32.05.07.2006","1/1/2023","2023-01-01","0"
"687","CINTARAKYAT","SAMARANG","DAPIL 4","KAB. GARUT","JAWA BARAT","32.05.07.2002","1/1/2023","2023-01-01","0"
"688","CINTARASA","SAMARANG","DAPIL 4","KAB. GARUT","JAWA BARAT","32.05.07.2009","1/1/2023","2023-01-01","0"
"689","CISARUA","SAMARANG","DAPIL 4","KAB. GARUT","JAWA BARAT","32.05.07.2008","1/1/2023","2023-01-01","0"
"690","PARAKAN","SAMARANG","DAPIL 4","KAB. GARUT","JAWA BARAT","32.05.07.2004","1/1/2023","2023-01-01","0"
"691","SAMARANG","SAMARANG","DAPIL 4","KAB. GARUT","JAWA BARAT","32.05.07.2001","1/1/2023","2023-01-01","0"
"692","SIRNASARI","SAMARANG","DAPIL 4","KAB. GARUT","JAWA BARAT","32.05.07.2011","1/1/2023","2023-01-01","0"
"693","SUKAKARYA","SAMARANG","DAPIL 4","KAB. GARUT","JAWA BARAT","32.05.07.2005","1/1/2023","2023-01-01","0"
"694","SUKALAKSANA","SAMARANG","DAPIL 4","KAB. GARUT","JAWA BARAT","32.05.07.2012","1/1/2023","2023-01-01","0"
"695","SUKARASA","SAMARANG","DAPIL 4","KAB. GARUT","JAWA BARAT","32.05.07.2003","1/1/2023","2023-01-01","0"
"696","TANJUNG KARYA","SAMARANG","DAPIL 4","KAB. GARUT","JAWA BARAT","32.05.07.2007","1/1/2023","2023-01-01","0"
"697","TANJUNGANOM","SAMARANG","DAPIL 4","KAB. GARUT","JAWA BARAT","32.05.07.2013","1/1/2023","2023-01-01","0"
"698","BANJARWANGI","BANJARWANGI","DAPIL 5","KAB. GARUT","JAWA BARAT","32.05.23.2001","1/1/2023","2023-01-01","0"
"699","BOJONG","BANJARWANGI","DAPIL 5","KAB. GARUT","JAWA BARAT","32.05.23.2010","1/1/2023","2023-01-01","0"
"700","DANGIANG","BANJARWANGI","DAPIL 5","KAB. GARUT","JAWA BARAT","32.05.23.2008","1/1/2023","2023-01-01","0"
"701","JAYABAKTI","BANJARWANGI","DAPIL 5","KAB. GARUT","JAWA BARAT","32.05.23.2006","1/1/2023","2023-01-01","0"
"702","KADONGDONG","BANJARWANGI","DAPIL 5","KAB. GARUT","JAWA BARAT","32.05.23.2004","1/1/2023","2023-01-01","0"
"703","MULYAJAYA","BANJARWANGI","DAPIL 5","KAB. GARUT","JAWA BARAT","32.05.23.2007","1/1/2023","2023-01-01","0"
"704","PADAHURIP","BANJARWANGI","DAPIL 5","KAB. GARUT","JAWA BARAT","32.05.23.2003","1/1/2023","2023-01-01","0"
"705","TALAGAJAYA","BANJARWANGI","DAPIL 5","KAB. GARUT","JAWA BARAT","32.05.23.2002","1/1/2023","2023-01-01","0"
"706","TALAGASARI","BANJARWANGI","DAPIL 5","KAB. GARUT","JAWA BARAT","32.05.23.2005","1/1/2023","2023-01-01","0"
"707","TANJUNGJAYA","BANJARWANGI","DAPIL 5","KAB. GARUT","JAWA BARAT","32.05.23.2009","1/1/2023","2023-01-01","0"
"708","WANGUNJAYA","BANJARWANGI","DAPIL 5","KAB. GARUT","JAWA BARAT","32.05.23.2011","1/1/2023","2023-01-01","0"
"709","CIHURIP","CIHURIP","DAPIL 5","KAB. GARUT","JAWA BARAT","32.05.25.2001","1/1/2023","2023-01-01","0"
"710","CISANGKAL","CIHURIP","DAPIL 5","KAB. GARUT","JAWA BARAT","32.05.25.2002","1/1/2023","2023-01-01","0"
"711","JAYAMUKTI","CIHURIP","DAPIL 5","KAB. GARUT","JAWA BARAT","32.05.25.2004","1/1/2023","2023-01-01","0"
"712","MEKARWANGI","CIHURIP","DAPIL 5","KAB. GARUT","JAWA BARAT","32.05.25.2003","1/1/2023","2023-01-01","0"
"713","CIBODAS","CIKAJANG","DAPIL 5","KAB. GARUT","JAWA BARAT","32.05.22.2006","1/1/2023","2023-01-01","0"
"714","CIKAJANG","CIKAJANG","DAPIL 5","KAB. GARUT","JAWA BARAT","32.05.22.2001","1/1/2023","2023-01-01","0"
"715","CIKANDANG","CIKAJANG","DAPIL 5","KAB. GARUT","JAWA BARAT","32.05.22.2008","1/1/2023","2023-01-01","0"
"716","CIPANGRAMATAN","CIKAJANG","DAPIL 5","KAB. GARUT","JAWA BARAT","32.05.22.2011","1/1/2023","2023-01-01","0"
"717","GIRIAWAS","CIKAJANG","DAPIL 5","KAB. GARUT","JAWA BARAT","32.05.22.2005","1/1/2023","2023-01-01","0"
"718","GIRIJAYA","CIKAJANG","DAPIL 5","KAB. GARUT","JAWA BARAT","32.05.22.2004","1/1/2023","2023-01-01","0"
"719","KRAMATWANGI","CIKAJANG","DAPIL 5","KAB. GARUT","JAWA BARAT","32.05.22.2012","1/1/2023","2023-01-01","0"
"720","MARGAMULYA","CIKAJANG","DAPIL 5","KAB. GARUT","JAWA BARAT","32.05.22.2010","1/1/2023","2023-01-01","0"
"721","MEKARJAYA","CIKAJANG","DAPIL 5","KAB. GARUT","JAWA BARAT","32.05.22.2007","1/1/2023","2023-01-01","0"
"722","MEKARSARI","CIKAJANG","DAPIL 5","KAB. GARUT","JAWA BARAT","32.05.22.2003","1/1/2023","2023-01-01","0"
"723","PADASUKA","CIKAJANG","DAPIL 5","KAB. GARUT","JAWA BARAT","32.05.22.2009","1/1/2023","2023-01-01","0"
"724","SIMPANG","CIKAJANG","DAPIL 5","KAB. GARUT","JAWA BARAT","32.05.22.2002","1/1/2023","2023-01-01","0"
"725","CIHAURKUNING","CISOMPET","DAPIL 5","KAB. GARUT","JAWA BARAT","32.05.28.2002","1/1/2023","2023-01-01","0"
"726","CIKONDANG","CISOMPET","DAPIL 5","KAB. GARUT","JAWA BARAT","32.05.28.2006","1/1/2023","2023-01-01","0"
"727","CISOMPET","CISOMPET","DAPIL 5","KAB. GARUT","JAWA BARAT","32.05.28.2001","1/1/2023","2023-01-01","0"
"728","DEPOK","CISOMPET","DAPIL 5","KAB. GARUT","JAWA BARAT","32.05.28.2007","1/1/2023","2023-01-01","0"
"729","JATISARI","CISOMPET","DAPIL 5","KAB. GARUT","JAWA BARAT","32.05.28.2009","1/1/2023","2023-01-01","0"
"730","MARGAMULYA","CISOMPET","DAPIL 5","KAB. GARUT","JAWA BARAT","32.05.28.2003","1/1/2023","2023-01-01","0"
"731","NEGLASARI","CISOMPET","DAPIL 5","KAB. GARUT","JAWA BARAT","32.05.28.2010","1/1/2023","2023-01-01","0"
"732","PANYINDANGAN","CISOMPET","DAPIL 5","KAB. GARUT","JAWA BARAT","32.05.28.2008","1/1/2023","2023-01-01","0"
"733","SINDANGSARI","CISOMPET","DAPIL 5","KAB. GARUT","JAWA BARAT","32.05.28.2011","1/1/2023","2023-01-01","0"
"734","SUKAMUKTI","CISOMPET","DAPIL 5","KAB. GARUT","JAWA BARAT","32.05.28.2004","1/1/2023","2023-01-01","0"
"735","SUKANAGARA","CISOMPET","DAPIL 5","KAB. GARUT","JAWA BARAT","32.05.28.2005","1/1/2023","2023-01-01","0"
"736","BALEWANGI","CISURUPAN","DAPIL 5","KAB. GARUT","JAWA BARAT","32.05.20.2007","1/1/2023","2023-01-01","0"
"737","CIDATAR","CISURUPAN","DAPIL 5","KAB. GARUT","JAWA BARAT","32.05.20.2002","1/1/2023","2023-01-01","0"
"738","CINTAASIH","CISURUPAN","DAPIL 5","KAB. GARUT","JAWA BARAT","32.05.20.2017","1/1/2023","2023-01-01","0"
"739","CIPAGANTI","CISURUPAN","DAPIL 5","KAB. GARUT","JAWA BARAT","32.05.20.2011","1/1/2023","2023-01-01","0"
"740","CISERO","CISURUPAN","DAPIL 5","KAB. GARUT","JAWA BARAT","32.05.20.2009","1/1/2023","2023-01-01","0"
"741","CISURUPAN","CISURUPAN","DAPIL 5","KAB. GARUT","JAWA BARAT","32.05.20.2001","1/1/2023","2023-01-01","0"
"742","KARAMATWANGI","CISURUPAN","DAPIL 5","KAB. GARUT","JAWA BARAT","32.05.20.2010","1/1/2023","2023-01-01","0"
"743","PAKUWON","CISURUPAN","DAPIL 5","KAB. GARUT","JAWA BARAT","32.05.20.2006","1/1/2023","2023-01-01","0"
"744","PAMULIHAN","CISURUPAN","DAPIL 5","KAB. GARUT","JAWA BARAT","32.05.20.2012","1/1/2023","2023-01-01","0"
"745","PANGAUBAN","CISURUPAN","DAPIL 5","KAB. GARUT","JAWA BARAT","32.05.20.2015","1/1/2023","2023-01-01","0"
"746","SIMPANGSARI","CISURUPAN","DAPIL 5","KAB. GARUT","JAWA BARAT","32.05.20.2016","1/1/2023","2023-01-01","0"
"747","SIRNAGALIH","CISURUPAN","DAPIL 5","KAB. GARUT","JAWA BARAT","32.05.20.2014","1/1/2023","2023-01-01","0"
"748","SIRNAJAYA","CISURUPAN","DAPIL 5","KAB. GARUT","JAWA BARAT","32.05.20.2008","1/1/2023","2023-01-01","0"
"749","SITUSARI","CISURUPAN","DAPIL 5","KAB. GARUT","JAWA BARAT","32.05.20.2005","1/1/2023","2023-01-01","0"
"750","SUKATANI","CISURUPAN","DAPIL 5","KAB. GARUT","JAWA BARAT","32.05.20.2004","1/1/2023","2023-01-01","0"
"751","SUKAWARGI","CISURUPAN","DAPIL 5","KAB. GARUT","JAWA BARAT","32.05.20.2003","1/1/2023","2023-01-01","0"
"752","TAMBAKBAYA","CISURUPAN","DAPIL 5","KAB. GARUT","JAWA BARAT","32.05.20.2013","1/1/2023","2023-01-01","0"
"753","PANGRUMASAN","PEUNDEUY","DAPIL 5","KAB. GARUT","JAWA BARAT","32.05.26.2004","1/1/2023","2023-01-01","0"
"754","PEUNDEUY","PEUNDEUY","DAPIL 5","KAB. GARUT","JAWA BARAT","32.05.26.2001","1/1/2023","2023-01-01","0"
"755","PURWAJAYA","PEUNDEUY","DAPIL 5","KAB. GARUT","JAWA BARAT","32.05.26.2006","1/1/2023","2023-01-01","0"
"756","SARIBAKTI","PEUNDEUY","DAPIL 5","KAB. GARUT","JAWA BARAT","32.05.26.2003","1/1/2023","2023-01-01","0"
"757","SUKANAGARA","PEUNDEUY","DAPIL 5","KAB. GARUT","JAWA BARAT","32.05.26.2005","1/1/2023","2023-01-01","0"
"758","TOBLONG","PEUNDEUY","DAPIL 5","KAB. GARUT","JAWA BARAT","32.05.26.2002","1/1/2023","2023-01-01","0"
"759","CIGINTUNG","SINGAJAYA","DAPIL 5","KAB. GARUT","JAWA BARAT","32.05.24.2008","1/1/2023","2023-01-01","0"
"760","CIUDIAN","SINGAJAYA","DAPIL 5","KAB. GARUT","JAWA BARAT","32.05.24.2002","1/1/2023","2023-01-01","0"
"761","GIRIMUKTI","SINGAJAYA","DAPIL 5","KAB. GARUT","JAWA BARAT","32.05.24.2009","1/1/2023","2023-01-01","0"
"762","KARANGAGUNG","SINGAJAYA","DAPIL 5","KAB. GARUT","JAWA BARAT","32.05.24.2007","1/1/2023","2023-01-01","0"
"763","MEKARTANI","SINGAJAYA","DAPIL 5","KAB. GARUT","JAWA BARAT","32.05.24.2003","1/1/2023","2023-01-01","0"
"764","PANCASURA","SINGAJAYA","DAPIL 5","KAB. GARUT","JAWA BARAT","32.05.24.2006","1/1/2023","2023-01-01","0"
"765","SINGAJAYA","SINGAJAYA","DAPIL 5","KAB. GARUT","JAWA BARAT","32.05.24.2001","1/1/2023","2023-01-01","0"
"766","SUKAMULYA","SINGAJAYA","DAPIL 5","KAB. GARUT","JAWA BARAT","32.05.24.2004","1/1/2023","2023-01-01","0"
"767","SUKAWANGI","SINGAJAYA","DAPIL 5","KAB. GARUT","JAWA BARAT","32.05.24.2005","1/1/2023","2023-01-01","0"
"768","CINTADAMAI","SUKARESMI","DAPIL 5","KAB. GARUT","JAWA BARAT","32.05.21.2002","1/1/2023","2023-01-01","0"
"769","MEKARJAYA","SUKARESMI","DAPIL 5","KAB. GARUT","JAWA BARAT","32.05.21.2003","1/1/2023","2023-01-01","0"
"770","PADAMUKTI","SUKARESMI","DAPIL 5","KAB. GARUT","JAWA BARAT","32.05.21.2006","1/1/2023","2023-01-01","0"
"771","SUKAJAYA","SUKARESMI","DAPIL 5","KAB. GARUT","JAWA BARAT","32.05.21.2004","1/1/2023","2023-01-01","0"
"772","SUKALILAH","SUKARESMI","DAPIL 5","KAB. GARUT","JAWA BARAT","32.05.21.2007","1/1/2023","2023-01-01","0"
"773","SUKAMULYA","SUKARESMI","DAPIL 5","KAB. GARUT","JAWA BARAT","32.05.21.2005","1/1/2023","2023-01-01","0"
"774","SUKARESMI","SUKARESMI","DAPIL 5","KAB. GARUT","JAWA BARAT","32.05.21.2001","1/1/2023","2023-01-01","0"
"775","BOJONG","BUNGBULANG","DAPIL 6","KAB. GARUT","JAWA BARAT","32.05.31.2007","1/1/2023","2023-01-01","0"
"776","BUNGBULANG","BUNGBULANG","DAPIL 6","KAB. GARUT","JAWA BARAT","32.05.31.2001","1/1/2023","2023-01-01","0"
"777","CIHIKEU","BUNGBULANG","DAPIL 6","KAB. GARUT","JAWA BARAT","32.05.31.2010","1/1/2023","2023-01-01","0"
"778","GUNAMEKAR","BUNGBULANG","DAPIL 6","KAB. GARUT","JAWA BARAT","32.05.31.2003","1/1/2023","2023-01-01","0"
"779","GUNUNG JAMPANG","BUNGBULANG","DAPIL 6","KAB. GARUT","JAWA BARAT","32.05.31.2012","1/1/2023","2023-01-01","0"
"780","HANJUANG","BUNGBULANG","DAPIL 6","KAB. GARUT","JAWA BARAT","32.05.31.2002","1/1/2023","2023-01-01","0"
"781","HEGARMANAH","BUNGBULANG","DAPIL 6","KAB. GARUT","JAWA BARAT","32.05.31.2013","1/1/2023","2023-01-01","0"
"782","MARGALAKSANA","BUNGBULANG","DAPIL 6","KAB. GARUT","JAWA BARAT","32.05.31.2006","1/1/2023","2023-01-01","0"
"783","MEKARBAKTI","BUNGBULANG","DAPIL 6","KAB. GARUT","JAWA BARAT","32.05.31.2005","1/1/2023","2023-01-01","0"
"784","MEKARJAYA","BUNGBULANG","DAPIL 6","KAB. GARUT","JAWA BARAT","32.05.31.2009","1/1/2023","2023-01-01","0"
"785","SINARJAYA","BUNGBULANG","DAPIL 6","KAB. GARUT","JAWA BARAT","32.05.31.2008","1/1/2023","2023-01-01","0"
"786","TEGALLEGA","BUNGBULANG","DAPIL 6","KAB. GARUT","JAWA BARAT","32.05.31.2004","1/1/2023","2023-01-01","0"
"787","WANGUNJAYA","BUNGBULANG","DAPIL 6","KAB. GARUT","JAWA BARAT","32.05.31.2011","1/1/2023","2023-01-01","0"
"788","CARINGIN","CARINGIN","DAPIL 6","KAB. GARUT","JAWA BARAT","32.05.36.2001","1/1/2023","2023-01-01","0"
"789","CIMAHI","CARINGIN","DAPIL 6","KAB. GARUT","JAWA BARAT","32.05.36.2003","1/1/2023","2023-01-01","0"
"790","INDRALAYANG","CARINGIN","DAPIL 6","KAB. GARUT","JAWA BARAT","32.05.36.2002","1/1/2023","2023-01-01","0"
"791","PURBAYANI","CARINGIN","DAPIL 6","KAB. GARUT","JAWA BARAT","32.05.36.2005","1/1/2023","2023-01-01","0"
"792","SAMUDERAJAYA","CARINGIN","DAPIL 6","KAB. GARUT","JAWA BARAT","32.05.36.2006","1/1/2023","2023-01-01","0"
"793","SUKARAME","CARINGIN","DAPIL 6","KAB. GARUT","JAWA BARAT","32.05.36.2004","1/1/2023","2023-01-01","0"
"794","CIGARONGGONG","CIBALONG","DAPIL 6","KAB. GARUT","JAWA BARAT","32.05.29.2009","1/1/2023","2023-01-01","0"
"795","KARYAMUKTI","CIBALONG","DAPIL 6","KAB. GARUT","JAWA BARAT","32.05.29.2004","1/1/2023","2023-01-01","0"
"796","KARYASARI","CIBALONG","DAPIL 6","KAB. GARUT","JAWA BARAT","32.05.29.2001","1/1/2023","2023-01-01","0"
"797","MAROKO","CIBALONG","DAPIL 6","KAB. GARUT","JAWA BARAT","32.05.29.2002","1/1/2023","2023-01-01","0"
"798","MEKAR MUKTI","CIBALONG","DAPIL 6","KAB. GARUT","JAWA BARAT","32.05.29.2008","1/1/2023","2023-01-01","0"
"799","MEKARSARI","CIBALONG","DAPIL 6","KAB. GARUT","JAWA BARAT","32.05.29.2006","1/1/2023","2023-01-01","0"
"800","MEKARWANGI","CIBALONG","DAPIL 6","KAB. GARUT","JAWA BARAT","32.05.29.2010","1/1/2023","2023-01-01","0"
"801","NAJATEN","CIBALONG","DAPIL 6","KAB. GARUT","JAWA BARAT","32.05.29.2011","1/1/2023","2023-01-01","0"
"802","SAGARA","CIBALONG","DAPIL 6","KAB. GARUT","JAWA BARAT","32.05.29.2005","1/1/2023","2023-01-01","0"
"803","SANCANG","CIBALONG","DAPIL 6","KAB. GARUT","JAWA BARAT","32.05.29.2003","1/1/2023","2023-01-01","0"
"804","SIMPANG","CIBALONG","DAPIL 6","KAB. GARUT","JAWA BARAT","32.05.29.2007","1/1/2023","2023-01-01","0"
"805","AWASSAGARA","CIKELET","DAPIL 6","KAB. GARUT","JAWA BARAT","32.05.30.2010","1/1/2023","2023-01-01","0"
"806","CIJAMBE","CIKELET","DAPIL 6","KAB. GARUT","JAWA BARAT","32.05.30.2007","1/1/2023","2023-01-01","0"
"807","CIKELET","CIKELET","DAPIL 6","KAB. GARUT","JAWA BARAT","32.05.30.2001","1/1/2023","2023-01-01","0"
"808","CIROYOM","CIKELET","DAPIL 6","KAB. GARUT","JAWA BARAT","32.05.30.2009","1/1/2023","2023-01-01","0"
"809","COGADOG","CIKELET","DAPIL 6","KAB. GARUT","JAWA BARAT","32.05.30.2004","1/1/2023","2023-01-01","0"
"810","GIRIMUKTI","CIKELET","DAPIL 6","KAB. GARUT","JAWA BARAT","32.05.30.2008","1/1/2023","2023-01-01","0"
"811","KARANGSARI","CIKELET","DAPIL 6","KAB. GARUT","JAWA BARAT","32.05.30.2006","1/1/2023","2023-01-01","0"
"812","KERTAMUKTI","CIKELET","DAPIL 6","KAB. GARUT","JAWA BARAT","32.05.30.2003","1/1/2023","2023-01-01","0"
"813","LINGGAMANIK","CIKELET","DAPIL 6","KAB. GARUT","JAWA BARAT","32.05.30.2002","1/1/2023","2023-01-01","0"
"814","PAMALAYAN","CIKELET","DAPIL 6","KAB. GARUT","JAWA BARAT","32.05.30.2005","1/1/2023","2023-01-01","0"
"815","TIPAR","CIKELET","DAPIL 6","KAB. GARUT","JAWA BARAT","32.05.30.2011","1/1/2023","2023-01-01","0"
"816","CIKARANG","CISEWU","DAPIL 6","KAB. GARUT","JAWA BARAT","32.05.35.2004","1/1/2023","2023-01-01","0"
"817","CISEWU","CISEWU","DAPIL 6","KAB. GARUT","JAWA BARAT","32.05.35.2001","1/1/2023","2023-01-01","0"
"818","GIRIMUKTI","CISEWU","DAPIL 6","KAB. GARUT","JAWA BARAT","32.05.35.2002","1/1/2023","2023-01-01","0"
"819","KARANGSEWU","CISEWU","DAPIL 6","KAB. GARUT","JAWA BARAT","32.05.35.2007","1/1/2023","2023-01-01","0"
"820","MEKARSEWU","CISEWU","DAPIL 6","KAB. GARUT","JAWA BARAT","32.05.35.2008","1/1/2023","2023-01-01","0"
"821","NYALINDUNG","CISEWU","DAPIL 6","KAB. GARUT","JAWA BARAT","32.05.35.2006","1/1/2023","2023-01-01","0"
"822","PAMALAYAN","CISEWU","DAPIL 6","KAB. GARUT","JAWA BARAT","32.05.35.2003","1/1/2023","2023-01-01","0"
"823","PANGGALIH","CISEWU","DAPIL 6","KAB. GARUT","JAWA BARAT","32.05.35.2009","1/1/2023","2023-01-01","0"
"824","SUKAJAYA","CISEWU","DAPIL 6","KAB. GARUT","JAWA BARAT","32.05.35.2005","1/1/2023","2023-01-01","0"
"825","CIJAYANA","MEKARMUKTI","DAPIL 6","KAB. GARUT","JAWA BARAT","32.05.32.2004","1/1/2023","2023-01-01","0"
"826","JAYABAYA","MEKARMUKTI","DAPIL 6","KAB. GARUT","JAWA BARAT","32.05.32.2003","1/1/2023","2023-01-01","0"
"827","KARANGWANGI","MEKARMUKTI","DAPIL 6","KAB. GARUT","JAWA BARAT","32.05.32.2002","1/1/2023","2023-01-01","0"
"828","MEKARMUKTI","MEKARMUKTI","DAPIL 6","KAB. GARUT","JAWA BARAT","32.05.32.2001","1/1/2023","2023-01-01","0"
"829","MEKARSARI","MEKARMUKTI","DAPIL 6","KAB. GARUT","JAWA BARAT","32.05.32.2005","1/1/2023","2023-01-01","0"
"830","DEPOK","PAKENJENG","DAPIL 6","KAB. GARUT","JAWA BARAT","32.05.33.2011","1/1/2023","2023-01-01","0"
"831","JATIWANGI","PAKENJENG","DAPIL 6","KAB. GARUT","JAWA BARAT","32.05.33.2008","1/1/2023","2023-01-01","0"
"832","JAYAMEKAR","PAKENJENG","DAPIL 6","KAB. GARUT","JAWA BARAT","32.05.33.2013","1/1/2023","2023-01-01","0"
"833","KARANGSARI","PAKENJENG","DAPIL 6","KAB. GARUT","JAWA BARAT","32.05.33.2012","1/1/2023","2023-01-01","0"
"834","NEGLASARI","PAKENJENG","DAPIL 6","KAB. GARUT","JAWA BARAT","32.05.33.2001","1/1/2023","2023-01-01","0"
"835","PANYINDANGAN","PAKENJENG","DAPIL 6","KAB. GARUT","JAWA BARAT","32.05.33.2009","1/1/2023","2023-01-01","0"
"836","PASIRLANGU","PAKENJENG","DAPIL 6","KAB. GARUT","JAWA BARAT","32.05.33.2006","1/1/2023","2023-01-01","0"
"837","SUKAMULYA","PAKENJENG","DAPIL 6","KAB. GARUT","JAWA BARAT","32.05.33.2005","1/1/2023","2023-01-01","0"
"838","TALAGAWANGI","PAKENJENG","DAPIL 6","KAB. GARUT","JAWA BARAT","32.05.33.2007","1/1/2023","2023-01-01","0"
"839","TANJUNGJAYA","PAKENJENG","DAPIL 6","KAB. GARUT","JAWA BARAT","32.05.33.2002","1/1/2023","2023-01-01","0"
"840","TANJUNGMULYA","PAKENJENG","DAPIL 6","KAB. GARUT","JAWA BARAT","32.05.33.2003","1/1/2023","2023-01-01","0"
"841","TEGALGEDE","PAKENJENG","DAPIL 6","KAB. GARUT","JAWA BARAT","32.05.33.2010","1/1/2023","2023-01-01","0"
"842","WANGUNJAYA","PAKENJENG","DAPIL 6","KAB. GARUT","JAWA BARAT","32.05.33.2004","1/1/2023","2023-01-01","0"
"843","BOJONG","PAMEUNGPEUK","DAPIL 6","KAB. GARUT","JAWA BARAT","32.05.27.2006","1/1/2023","2023-01-01","0"
"844","BOJONG KIDUL","PAMEUNGPEUK","DAPIL 6","KAB. GARUT","JAWA BARAT","32.05.27.2008","1/1/2023","2023-01-01","0"
"845","JATIMULYA","PAMEUNGPEUK","DAPIL 6","KAB. GARUT","JAWA BARAT","32.05.27.2005","1/1/2023","2023-01-01","0"
"846","MANCAGAHAR","PAMEUNGPEUK","DAPIL 6","KAB. GARUT","JAWA BARAT","32.05.27.2002","1/1/2023","2023-01-01","0"
"847","MANDALAKASIH","PAMEUNGPEUK","DAPIL 6","KAB. GARUT","JAWA BARAT","32.05.27.2004","1/1/2023","2023-01-01","0"
"848","PAAS","PAMEUNGPEUK","DAPIL 6","KAB. GARUT","JAWA BARAT","32.05.27.2003","1/1/2023","2023-01-01","0"
"849","PAMEUNGPEUK","PAMEUNGPEUK","DAPIL 6","KAB. GARUT","JAWA BARAT","32.05.27.2001","1/1/2023","2023-01-01","0"
"850","SIRNABAKTI","PAMEUNGPEUK","DAPIL 6","KAB. GARUT","JAWA BARAT","32.05.27.2007","1/1/2023","2023-01-01","0"
"851","GARUMUKTI","PAMULIHAN","DAPIL 6","KAB. GARUT","JAWA BARAT","32.05.34.2002","1/1/2023","2023-01-01","0"
"852","LINGGARJATI","PAMULIHAN","DAPIL 6","KAB. GARUT","JAWA BARAT","32.05.34.2005","1/1/2023","2023-01-01","0"
"853","PAKENJENG","PAMULIHAN","DAPIL 6","KAB. GARUT","JAWA BARAT","32.05.34.2001","1/1/2023","2023-01-01","0"
"854","PANANJUNG","PAMULIHAN","DAPIL 6","KAB. GARUT","JAWA BARAT","32.05.34.2004","1/1/2023","2023-01-01","0"
"855","PANAWA","PAMULIHAN","DAPIL 6","KAB. GARUT","JAWA BARAT","32.05.34.2003","1/1/2023","2023-01-01","0"
"856","MEKARMUKTI","TALEGONG","DAPIL 6","KAB. GARUT","JAWA BARAT","32.05.37.2003","1/1/2023","2023-01-01","0"
"857","MEKARMULYA","TALEGONG","DAPIL 6","KAB. GARUT","JAWA BARAT","32.05.37.2004","1/1/2023","2023-01-01","0"
"858","MEKARWANGI","TALEGONG","DAPIL 6","KAB. GARUT","JAWA BARAT","32.05.37.2007","1/1/2023","2023-01-01","0"
"859","SELAAWI","TALEGONG","DAPIL 6","KAB. GARUT","JAWA BARAT","32.05.37.2006","1/1/2023","2023-01-01","0"
"860","SUKALAKSANA","TALEGONG","DAPIL 6","KAB. GARUT","JAWA BARAT","32.05.37.2005","1/1/2023","2023-01-01","0"
"861","SUKAMAJU","TALEGONG","DAPIL 6","KAB. GARUT","JAWA BARAT","32.05.37.2001","1/1/2023","2023-01-01","0"
"862","SUKAMULYA","TALEGONG","DAPIL 6","KAB. GARUT","JAWA BARAT","32.05.37.2002","1/1/2023","2023-01-01","0"
